種類,細別,製品名,説明書URL
電動ガン,次世代電動ガン,AK74MN,https://www.tokyo-marui.co.jp/pdf/p_pdfmanual_191001165246.pdf
電動ガン,次世代電動ガン,AKS74U,https://www.tokyo-marui.co.jp/pdf/p_pdfmanual_191001171208.pdf
電動ガン,次世代電動ガン,ソップモッドM4,https://www.tokyo-marui.co.jp/pdf/p_pdfmanual_191001171110.pdf
電動ガン,次世代電動ガン,M4A1 カービン,https://www.tokyo-marui.co.jp/pdf/p_pdfmanual_191001170941.pdf
電動ガン,次世代電動ガン,AK102,https://www.tokyo-marui.co.jp/pdf/p_pdfmanual_191001170810.pdf
電動ガン,次世代電動ガン,AKS74N,https://www.tokyo-marui.co.jp/pdf/p_pdfmanual_191001170848.pdf
電動ガン,次世代電動ガン,G36K,https://www.tokyo-marui.co.jp/pdf/p_pdfmanual_191001170728.pdf
電動ガン,次世代電動ガン,CQB-R ブラックモデル,https://www.tokyo-marui.co.jp/pdf/p_pdfmanual_191001170653.pdf
電動ガン,次世代電動ガン,CQB-R フラット・ダークアース,https://www.tokyo-marui.co.jp/pdf/p_pdfmanual_191001170622.pdf
電動ガン,次世代電動ガン,レシーライフル ブラック,https://www.tokyo-marui.co.jp/pdf/p_pdfmanual_191001170357.pdf
電動ガン,次世代電動ガン,スカーL フラット・ダークアース,https://www.tokyo-marui.co.jp/pdf/p_pdfmanual_191001170312.pdf
電動ガン,次世代電動ガン,スカーL ブラック,https://www.tokyo-marui.co.jp/pdf/p_pdfmanual_191001170223.pdf
電動ガン,次世代電動ガン,G36Cカスタム,https://www.tokyo-marui.co.jp/pdf/p_pdfmanual_191001170138.pdf
電動ガン,次世代電動ガン,スカーL CQC フラット・ダークアース,https://www.tokyo-marui.co.jp/pdf/p_pdfmanual_191001170024.pdf
電動ガン,次世代電動ガン,スカーL CQC ブラック,https://www.tokyo-marui.co.jp/pdf/p_pdfmanual_191001165941.pdf
電動ガン,次世代電動ガン,レシーライフル タンカラーモデル,https://www.tokyo-marui.co.jp/pdf/p_pdfmanual_191001170546.pdf
電動ガン,次世代電動ガン,スカーH フラット・ダークアース,https://www.tokyo-marui.co.jp/pdf/p_pdfmanual_191001165859.pdf
電動ガン,次世代電動ガン,スカーH ブラック,https://www.tokyo-marui.co.jp/pdf/p_pdfmanual_191001165827.pdf
電動ガン,次世代電動ガン,HK416D,https://www.tokyo-marui.co.jp/pdf/p_pdfmanual_191001165720.pdf
電動ガン,次世代電動ガン,DEVGRUカスタム HK416D,https://www.tokyo-marui.co.jp/pdf/p_pdfmanual_191001165638.pdf
電動ガン,次世代電動ガン,HK417 アーリーバリアント,https://www.tokyo-marui.co.jp/pdf/p_pdfmanual_191001165547.pdf
電動ガン,次世代電動ガン,HK416C カスタム,https://www.tokyo-marui.co.jp/pdf/p_pdfmanual_191001165451.pdf
電動ガン,次世代電動ガン,HK416 デルタカスタム,https://www.tokyo-marui.co.jp/pdf/p_pdfmanual_191001165352.pdf
電動ガン,次世代電動ガン,AK47,https://www.tokyo-marui.co.jp/pdf/p_pdfmanual_210602074113.pdf
電動ガン,次世代電動ガン,HK416 デルタカスタム ブラック,https://www.tokyo-marui.co.jp/pdf/p_pdfmanual_191001165120.pdf
電動ガン,次世代電動ガン,マーク18 モッド1,https://www.tokyo-marui.co.jp/pdf/p_pdfmanual_210603061555.pdf
電動ガン,電動ショットガン,AA-12,https://www.tokyo-marui.co.jp/pdf/p_pdfmanual_191001171458.pdf
電動ガン,電動ショットガン,SGR-12,https://www.tokyo-marui.co.jp/pdf/p_pdfmanual_191001171406.pdf
電動ガン,電動ガン スタンダードタイプ,ナイツSR-16 M4カービン,https://www.tokyo-marui.co.jp/pdf/p_pdfmanual_191002113440.pdf
電動ガン,電動ガン スタンダードタイプ,H&K MP5A4,https://www.tokyo-marui.co.jp/pdf/p_pdfmanual_191002112951.pdf
電動ガン,電動ガン スタンダードタイプ,H&K MP5クルツA4 PDW,https://www.tokyo-marui.co.jp/pdf/p_pdfmanual_191002114243.pdf
電動ガン,電動ガン スタンダードタイプ,H&K MP5 SD5,https://www.tokyo-marui.co.jp/pdf/p_pdfmanual_191002113332.pdf
電動ガン,電動ガン スタンダードタイプ,H&K MP5 SD6,https://www.tokyo-marui.co.jp/pdf/p_pdfmanual_191002113841.pdf
電動ガン,電動ガン スタンダードタイプ,MP5-J,https://www.tokyo-marui.co.jp/pdf/p_pdfmanual_191001172144.pdf
電動ガン,電動ガン スタンダードタイプ,P-90 TR,https://www.tokyo-marui.co.jp/pdf/p_pdfmanual_191002113205.pdf
電動ガン,電動ガン スタンダードタイプ,P-90,https://www.tokyo-marui.co.jp/pdf/p_pdfmanual_191001171739.pdf
電動ガン,電動ガン スタンダードタイプ,ファマス 5.56-F1,https://www.tokyo-marui.co.jp/pdf/p_pdfmanual_191002114200.pdf
電動ガン,電動ガン スタンダードタイプ,ファマス スーパーバージョン,https://www.tokyo-marui.co.jp/pdf/p_pdfmanual_191002114910.pdf
電動ガン,電動ガン スタンダードタイプ,ステアーAUG,https://www.tokyo-marui.co.jp/pdf/p_pdfmanual_191002114019.pdf
電動ガン,電動ガン スタンダードタイプ,コルト M4A1 リスバージョン,https://www.tokyo-marui.co.jp/pdf/p_pdfmanual_191002113808.pdf
電動ガン,電動ガン スタンダードタイプ,トンプソンM1A1,https://www.tokyo-marui.co.jp/pdf/p_pdfmanual_191002113606.pdf
電動ガン,電動ガン スタンダードタイプ,H&K G36C,https://www.tokyo-marui.co.jp/pdf/p_pdfmanual_191002112803.pdf
電動ガン,電動ガン スタンダードタイプ,ウージー・サブマシンガン,https://www.tokyo-marui.co.jp/pdf/p_pdfmanual_170720114819.pdf
電動ガン,電動ガン スタンダードタイプ,SIG552 シールズ,https://www.tokyo-marui.co.jp/pdf/p_pdfmanual_191002111528.pdf
電動ガン,電動ガン スタンダードタイプ,AK47S,https://www.tokyo-marui.co.jp/pdf/p_pdfmanual_191002114719.pdf
電動ガン,電動ガン スタンダードタイプ,AK47,https://www.tokyo-marui.co.jp/pdf/p_pdfmanual_191002114640.pdf
電動ガン,電動ガン スタンダードタイプ,AK47 ヴェータ・スペツナズ,https://www.tokyo-marui.co.jp/pdf/p_pdfmanual_191002113250.pdf
電動ガン,電動ガン スタンダードタイプ,コルト M733コマンド,https://www.tokyo-marui.co.jp/pdf/p_pdfmanual_191002112706.pdf
電動ガン,電動ガン スタンダードタイプ,H&K G3 SG/1,https://www.tokyo-marui.co.jp/pdf/p_pdfmanual_191002114504.pdf
電動ガン,電動ガン スタンダードタイプ,H&K PSG-1,https://www.tokyo-marui.co.jp/pdf/p_pdfmanual_191002114423.pdf
電動ガン,電動ガン スタンダードタイプ,H&K G3 SAS,https://www.tokyo-marui.co.jp/pdf/p_pdfmanual_191001172226.pdf
電動ガン,電動ガン スタンダードタイプ,G3ショーティ MC51,https://www.tokyo-marui.co.jp/pdf/p_pdfmanual_191002114320.pdf
電動ガン,電動ガン スタンダードタイプ,89式5.56mm小銃,https://www.tokyo-marui.co.jp/pdf/p_pdfmanual_191001171825.pdf
電動ガン,電動ガン スタンダードタイプ,M4 S–システム,https://www.tokyo-marui.co.jp/pdf/p_pdfmanual_191001172112.pdf
電動ガン,電動ガン スタンダードタイプ,U.S.ライフル M14 ウッドタイプストックver.,https://www.tokyo-marui.co.jp/pdf/p_pdfmanual_191001172031.pdf
電動ガン,電動ガン スタンダードタイプ,U.S.ライフル M14 ファイバータイプO.D.ストックver.,https://www.tokyo-marui.co.jp/pdf/p_pdfmanual_191001171953.pdf
電動ガン,電動ガン スタンダードタイプ,コルト M16A2,https://www.tokyo-marui.co.jp/pdf/p_pdfmanual_191002113922.pdf
電動ガン,電動ガン スタンダードタイプ,コルト M4A1カービン,https://www.tokyo-marui.co.jp/pdf/p_pdfmanual_191001171916.pdf
電動ガン,電動ガン スタンダードタイプ,M14ソーコム,https://www.tokyo-marui.co.jp/pdf/p_pdfmanual_191001171700.pdf
電動ガン,電動ガン スタンダードタイプ,89式5.56mm小銃〈折曲銃床式〉,https://www.tokyo-marui.co.jp/pdf/p_pdfmanual_191001171608.pdf
電動ガン,電動ガン スタンダードタイプ,コルトM16A1 ベトナムバージョン,https://www.tokyo-marui.co.jp/pdf/p_pdfmanual_191002113523.pdf
電動ガン,電動ガン スタンダードタイプ,H&K MP5クルツA4,https://www.tokyo-marui.co.jp/pdf/p_pdfmanual_191002114542.pdf
電動ガン,電動ガン スタンダードタイプ,H&K MP5 R.A.S.,https://www.tokyo-marui.co.jp/pdf/p_pdfmanual_191002113119.pdf
電動ガン,電動ガン スタンダードタイプ,H&K MP5A5,https://www.tokyo-marui.co.jp/pdf/p_pdfmanual_191002112843.pdf
電動ガン,電動ガン ハイサイクルカスタム,H&K MP5A5 HC,https://www.tokyo-marui.co.jp/pdf/p_pdfmanual_191002115820.pdf
電動ガン,電動ガン ハイサイクルカスタム,H&K G3 SAS HC,https://www.tokyo-marui.co.jp/pdf/p_pdfmanual_191002115857.pdf
電動ガン,電動ガン ハイサイクルカスタム,M4 CRW,https://www.tokyo-marui.co.jp/pdf/p_pdfmanual_191002115740.pdf
電動ガン,電動ガン ハイサイクルカスタム,AK47 HC,https://www.tokyo-marui.co.jp/pdf/p_pdfmanual_191002115632.pdf
電動ガン,電動ガン ハイサイクルカスタム,ステアーHC ブラック,https://www.tokyo-marui.co.jp/pdf/p_pdfmanual_191002115503.pdf
電動ガン,電動ガン ハイサイクルカスタム,ステアーHC タンカラーモデル,https://www.tokyo-marui.co.jp/pdf/p_pdfmanual_191002115235.pdf
電動ガン,電動ガン ハイサイクルカスタム,PS90 HC,https://www.tokyo-marui.co.jp/pdf/p_pdfmanual_191002115156.pdf
電動ガン,電動ガン ハイサイクルカスタム,H&K MP5K HC,https://www.tokyo-marui.co.jp/pdf/p_pdfmanual_191002115104.pdf
電動ガン,電動ガン ハイサイクルカスタム,M4パトリオットHC,https://www.tokyo-marui.co.jp/pdf/p_pdfmanual_191002115011.pdf
電動ガン,電動コンパクトマシンガン,MP7A1 ブラック,https://www.tokyo-marui.co.jp/pdf/p_pdfmanual_191002131131.pdf
電動ガン,電動コンパクトマシンガン,スコーピオン Vz.61,https://www.tokyo-marui.co.jp/pdf/p_pdfmanual_191002131024.pdf
電動ガン,電動コンパクトマシンガン,マック10,https://www.tokyo-marui.co.jp/pdf/p_pdfmanual_191002131058.pdf
電動ガン,電動コンパクトマシンガン,MP7A1 タンカラーモデル,https://www.tokyo-marui.co.jp/pdf/p_pdfmanual_191002130948.pdf
電動ガン,電動コンパクトマシンガン,スコーピオン モッドM,https://www.tokyo-marui.co.jp/pdf/p_pdfmanual_210602074955.pdf
電動ガン,電動ガン ハンドガンタイプ,グロック18C,https://www.tokyo-marui.co.jp/pdf/p_pdfmanual_191002131419.pdf
電動ガン,電動ガン ハンドガンタイプ,M93R,https://www.tokyo-marui.co.jp/pdf/p_pdfmanual_191002131320.pdf
電動ガン,電動ガン ハンドガンタイプ,H&K USP,https://www.tokyo-marui.co.jp/pdf/p_pdfmanual_191002131348.pdf
電動ガン,電動ガン ハンドガンタイプ,M9A1,https://www.tokyo-marui.co.jp/pdf/p_pdfmanual_210224011206.pdf
電動ガン,電動ガン ハンドガンタイプ,グロック18C シルバースライド,https://www.tokyo-marui.co.jp/pdf/p_pdfmanual_191002131535.pdf
電動ガン,電動ガン ハンドガンタイプ,H&K USP シルバースライド,https://www.tokyo-marui.co.jp/pdf/p_pdfmanual_191002131612.pdf
電動ガン,電動ガン ハンドガンタイプ,M93R シルバースライド,https://www.tokyo-marui.co.jp/pdf/p_pdfmanual_191002131457.pdf
電動ガン,電動ガン ハンドガンタイプ,ハイキャパE ガバメントモデル,https://www.tokyo-marui.co.jp/pdf/p_pdfmanual_191002131244.pdf
電動ガン,電動ガン LIGHT PRO,M4 CQB ブラック,https://www.tokyo-marui.co.jp/pdf/p_pdfmanual_191002152709.pdf
電動ガン,電動ガン LIGHT PRO,MP5A5 R.A.S.,https://www.tokyo-marui.co.jp/pdf/p_pdfmanual_191002153006.pdf
電動ガン,電動ガン LIGHT PRO,G36C,https://www.tokyo-marui.co.jp/pdf/p_pdfmanual_191002152933.pdf
電動ガン,電動ガン LIGHT PRO,AK74U,https://www.tokyo-marui.co.jp/pdf/p_pdfmanual_191002152859.pdf
電動ガン,電動ガン LIGHT PRO,M4 CQB タンカラーモデル,https://www.tokyo-marui.co.jp/pdf/p_pdfmanual_191002152824.pdf
電動ガン,電動ガンBOYs,ソップモッドM4,https://www.tokyo-marui.co.jp/pdf/p_pdfmanual_191002153341.pdf
電動ガン,電動ガンBOYs,スカーL CQC ブラック,https://www.tokyo-marui.co.jp/pdf/p_pdfmanual_191002153312.pdf
電動ガン,電動ガンBOYs,スカーL CQC フラット・ダークアース,https://www.tokyo-marui.co.jp/pdf/p_pdfmanual_191002153245.pdf
電動ガン,電動ガンBOYs,タボール21・コンパクト ブラック,https://www.tokyo-marui.co.jp/pdf/p_pdfmanual_191002153203.pdf
電動ガン,電動ガンBOYs,タボール21・コンパクト フラット・ダークアース,https://www.tokyo-marui.co.jp/pdf/p_pdfmanual_191002153136.pdf
電動ガン,電動ガンBOYs,M933 ショーティ・カスタム タンカラー,https://www.tokyo-marui.co.jp/pdf/p_pdfmanual_191002153103.pdf
電動ガン,電動ガンBOYs,コルト M4A1カービン,https://www.tokyo-marui.co.jp/pdf/p_pdfmanual_191002153516.pdf
電動ガン,電動ガンBOYs,H&K MP5A5,https://www.tokyo-marui.co.jp/pdf/p_pdfmanual_191002153443.pdf
電動ガン,電動ガンBOYs,H&K G36C,https://www.tokyo-marui.co.jp/pdf/p_pdfmanual_191002153411.pdf
電動ガン,電動ブローバック,M92F ミリタリー ブラック,https://www.tokyo-marui.co.jp/pdf/p_pdfmanual_191002154101.pdf
電動ガン,電動ブローバック,デザートイーグル.50AE ブラック,https://www.tokyo-marui.co.jp/pdf/p_pdfmanual_191002153957.pdf
電動ガン,電動ブローバック,センチメーターマスター,https://www.tokyo-marui.co.jp/pdf/p_pdfmanual_191002154203.pdf
電動ガン,電動ブローバック,KP85,https://www.tokyo-marui.co.jp/pdf/p_pdfmanual_191002153859.pdf
電動ガン,電動ブローバック,コンバットデルタ ブラック,https://www.tokyo-marui.co.jp/pdf/p_pdfmanual_191002153814.pdf
電動ガン,電動ブローバック,デザートイーグル.50AE シルバーモデル,https://www.tokyo-marui.co.jp/pdf/p_pdfmanual_191002153931.pdf
電動ガン,電動ブローバック,M92Fミリタリー シルバーモデル,https://www.tokyo-marui.co.jp/pdf/p_pdfmanual_191002154037.pdf
電動ガン,電動ブローバック,コンバットデルタ シルバーモデル,https://www.tokyo-marui.co.jp/pdf/p_pdfmanual_191002153753.pdf
電動ガン,電動ブローバック,シグプロ SP2340,https://www.tokyo-marui.co.jp/pdf/p_pdfmanual_191002153553.pdf
電動ガン,電動ブローバック フルオート,グロック18C,https://www.tokyo-marui.co.jp/pdf/p_pdfmanual_191002154622.pdf
電動ガン,電動ブローバック フルオート,P99 DAO,https://www.tokyo-marui.co.jp/pdf/p_pdfmanual_191002154548.pdf
電動ガン,電動ブローバック フルオート,マック11,https://www.tokyo-marui.co.jp/pdf/p_pdfmanual_191002154437.pdf
電動ガン,電動ブローバック フルオート,スミス＆ウェッソン PC356,https://www.tokyo-marui.co.jp/pdf/p_pdfmanual_191002154503.pdf
電動ガン,電動ブローバック フルオート,HK P30,https://www.tokyo-marui.co.jp/pdf/p_pdfmanual_191002154410.pdf
電動ガン,電動ブローバック フルオート,M9A1 ブラック,https://www.tokyo-marui.co.jp/pdf/p_pdfmanual_191002154337.pdf
電動ガン,電動ブローバック フルオート,M9A1 シルバーモデル,https://www.tokyo-marui.co.jp/pdf/p_pdfmanual_191002154312.pdf
電動ガン,電動ブローバック フルオート,ハイキャパ4.3,https://www.tokyo-marui.co.jp/pdf/p_pdfmanual_210602013411.pdf
電動ガン,電動ブローバック フルオート,ハイキャパ5.1,https://www.tokyo-marui.co.jp/pdf/p_pdfmanual_210602012914.pdf
電動ガン,電動ブローバック フルオート,ハイキャパ5.1 シルバーモデル,https://www.tokyo-marui.co.jp/pdf/p_pdfmanual_210602013204.pdf
電動ガン,ミニ電動ガン,ウージーSMG ミニ,https://www.tokyo-marui.co.jp/pdf/p_pdfmanual_191002154710.pdf
電動ガン,ミニ電動ガン,M16 ミニ,https://www.tokyo-marui.co.jp/pdf/p_pdfmanual_191002155114.pdf
電動ガン,ミニ電動ガン,MP5A5 ミニ,https://www.tokyo-marui.co.jp/pdf/p_pdfmanual_191002155035.pdf
電動ガン,ミニ電動ガン,G3A3 ミニ,https://www.tokyo-marui.co.jp/pdf/p_pdfmanual_191002154857.pdf
電動ガン,ミニ電動ガン,ステアー ミニ,https://www.tokyo-marui.co.jp/pdf/p_pdfmanual_191002154818.pdf
電動ガン,ミニ電動ガン,シグ550 ミニ,https://www.tokyo-marui.co.jp/pdf/p_pdfmanual_191002154746.pdf
電動ガン,ミニ電動ガン,AK47 ミニ,https://www.tokyo-marui.co.jp/pdf/p_pdfmanual_191002154922.pdf
電動ガン,ミニ電動ガン,XM177 ミニ,https://www.tokyo-marui.co.jp/pdf/p_pdfmanual_191002155007.pdf
ガスガン,ガスショットガン＆グレネードランチャー,M870タクティカル,https://www.tokyo-marui.co.jp/pdf/p_pdfmanual_191002132201.pdf
ガスガン,ガスショットガン＆グレネードランチャー,M320A1,https://www.tokyo-marui.co.jp/pdf/p_pdfmanual_191002132117.pdf
ガスガン,ガスショットガン＆グレネードランチャー,M870ブリーチャー,https://www.tokyo-marui.co.jp/pdf/p_pdfmanual_191002132041.pdf
ガスガン,ガスショットガン＆グレネードランチャー,M870ウッドストックタイプ,https://www.tokyo-marui.co.jp/pdf/p_pdfmanual_191002131830.pdf
ガスガン,ガスショットガン＆グレネードランチャー,KSG,https://www.tokyo-marui.co.jp/pdf/p_pdfmanual_191002131749.pdf
ガスガン,ガスブローバック マシンガン,MP7A1 ブラック,https://www.tokyo-marui.co.jp/pdf/p_pdfmanual_191002132703.pdf
ガスガン,ガスブローバック マシンガン,MP7A1 タンカラー,https://www.tokyo-marui.co.jp/pdf/p_pdfmanual_191002132625.pdf
ガスガン,ガスブローバック マシンガン,M4A1 MWS,https://www.tokyo-marui.co.jp/pdf/p_pdfmanual_191002132543.pdf
ガスガン,ガスブローバック マシンガン,CQBR ブロック1,https://www.tokyo-marui.co.jp/pdf/p_pdfmanual_191002132444.pdf
ガスガン,ガスブローバック マシンガン,M4A1 カービン,https://www.tokyo-marui.co.jp/pdf/p_pdfmanual_191002132408.pdf
ガスガン,ガスブローバック マシンガン,89式5.56mm小銃〈固定銃床型〉,https://www.tokyo-marui.co.jp/pdf/p_pdfmanual_191002132324.pdf
ガスガン,ガスブローバック マシンガン,MTR16,https://www.tokyo-marui.co.jp/pdf/p_pdfmanual_210608014639.pdf
ガスガン,ガスブローバック,デザートイーグル.50AE 10インチバレル,https://www.tokyo-marui.co.jp/pdf/p_pdfmanual_191002140214.pdf
ガスガン,ガスブローバック,FNファイブセブン,https://www.tokyo-marui.co.jp/pdf/p_pdfmanual_191002140140.pdf
ガスガン,ガスブローバック,ハイキャパ5.1 ステンレスモデル,https://www.tokyo-marui.co.jp/pdf/p_pdfmanual_200612142457.pdf
ガスガン,ガスブローバック,デザートウォーリア 4.3,https://www.tokyo-marui.co.jp/pdf/p_pdfmanual_191002140023.pdf
ガスガン,ガスブローバック,G17カスタム フォリッジ・グリーン,https://www.tokyo-marui.co.jp/pdf/p_pdfmanual_191002135924.pdf
ガスガン,ガスブローバック,G17カスタム フラット・ダークアース,https://www.tokyo-marui.co.jp/pdf/p_pdfmanual_191002135950.pdf
ガスガン,ガスブローバック,ナイトウォーリア,https://www.tokyo-marui.co.jp/pdf/p_pdfmanual_191002135837.pdf
ガスガン,ガスブローバック,フォリッジウォーリア,https://www.tokyo-marui.co.jp/pdf/p_pdfmanual_191002135802.pdf
ガスガン,ガスブローバック,Px4,https://www.tokyo-marui.co.jp/pdf/p_pdfmanual_191002135721.pdf
ガスガン,ガスブローバック,ストライクウォーリア,https://www.tokyo-marui.co.jp/pdf/p_pdfmanual_191002135636.pdf
ガスガン,ガスブローバック,シグ ザウエル P226 E2,https://www.tokyo-marui.co.jp/pdf/p_pdfmanual_191002135552.pdf
ガスガン,ガスブローバック,XDM-40,https://www.tokyo-marui.co.jp/pdf/p_pdfmanual_191002135515.pdf
ガスガン,ガスブローバック,コルト ガバメント マークIV シリーズ'70,https://www.tokyo-marui.co.jp/pdf/p_pdfmanual_191002135439.pdf
ガスガン,ガスブローバック,M9A1,https://www.tokyo-marui.co.jp/pdf/p_pdfmanual_191002135400.pdf
ガスガン,ガスブローバック,コルト ガバメント シリーズ'70 ニッケルフィニッシュ,https://www.tokyo-marui.co.jp/pdf/p_pdfmanual_191002135317.pdf
ガスガン,ガスブローバック,M9A1 ステンレスモデル,https://www.tokyo-marui.co.jp/pdf/p_pdfmanual_191002135240.pdf
ガスガン,ガスブローバック,HK45,https://www.tokyo-marui.co.jp/pdf/p_pdfmanual_191002135145.pdf
ガスガン,ガスブローバック,M&P 9,https://www.tokyo-marui.co.jp/pdf/p_pdfmanual_191002135108.pdf
ガスガン,ガスブローバック,M&P 9 Vカスタム,https://www.tokyo-marui.co.jp/pdf/p_pdfmanual_191002135025.pdf
ガスガン,ガスブローバック,USPコンパクト,https://www.tokyo-marui.co.jp/pdf/p_pdfmanual_191002134947.pdf
ガスガン,ガスブローバック,ハイキャパ5.1 ゴールドマッチ,https://www.tokyo-marui.co.jp/pdf/p_pdfmanual_200612143440.pdf
ガスガン,ガスブローバック,U.S. M9ピストル,https://www.tokyo-marui.co.jp/pdf/p_pdfmanual_191002134712.pdf
ガスガン,ガスブローバック,グロック34,https://www.tokyo-marui.co.jp/pdf/p_pdfmanual_191002134616.pdf
ガスガン,ガスブローバック,サムライエッジ スタンダードモデル〈ハイグレードタイプ〉,https://www.tokyo-marui.co.jp/pdf/p_pdfmanual_191002134504.pdf
ガスガン,ガスブローバック,グロック22,https://www.tokyo-marui.co.jp/pdf/p_pdfmanual_191002134546.pdf
ガスガン,ガスブローバック,HK45 タクティカル,https://www.tokyo-marui.co.jp/pdf/p_pdfmanual_191002134411.pdf
ガスガン,ガスブローバック,デトニクス.45 コンバットマスター ステンレスモデル,https://www.tokyo-marui.co.jp/pdf/p_pdfmanual_191002134240.pdf
ガスガン,ガスブローバック,シグ ザウエル P226 E2 ステンレスモデル,https://www.tokyo-marui.co.jp/pdf/p_pdfmanual_191002134138.pdf
ガスガン,ガスブローバック,USP,https://www.tokyo-marui.co.jp/pdf/p_pdfmanual_210608013317.pdf
ガスガン,ガスブローバック,M45A1 CQBピストル,https://www.tokyo-marui.co.jp/pdf/p_pdfmanual_191002133953.pdf
ガスガン,ガスブローバック,M&P 9L PCポーテッド,https://www.tokyo-marui.co.jp/pdf/p_pdfmanual_191002133843.pdf
ガスガン,ガスブローバック,アルバート.W.モデル 01P,https://www.tokyo-marui.co.jp/pdf/p_pdfmanual_191002133723.pdf
ガスガン,ガスブローバック,グロック19 サードジェネレーション,https://www.tokyo-marui.co.jp/pdf/p_pdfmanual_191002133045.pdf
ガスガン,ガスブローバック,FNX-45タクティカル,https://www.tokyo-marui.co.jp/pdf/p_pdfmanual_210608012637.pdf
ガスガン,ガスブローバック,M92F ミリタリーモデル,https://www.tokyo-marui.co.jp/pdf/p_pdfmanual_191002141404.pdf
ガスガン,ガスブローバック,V10 ウルトラコンパクト,https://www.tokyo-marui.co.jp/pdf/p_pdfmanual_210608014320.pdf
ガスガン,ガスブローバック,M45A1 ブラック,https://www.tokyo-marui.co.jp/pdf/p_pdfmanual_210608012819.pdf
ガスガン,ガスブローバック,M92F クロームステンレス,https://www.tokyo-marui.co.jp/pdf/p_pdfmanual_191002141134.pdf
ガスガン,ガスブローバック,グロック26,https://www.tokyo-marui.co.jp/pdf/p_pdfmanual_191002141254.pdf
ガスガン,ガスブローバック,グロック26 アドバンス,https://www.tokyo-marui.co.jp/pdf/p_pdfmanual_191002141043.pdf
ガスガン,ガスブローバック,タクティカルマスター,https://www.tokyo-marui.co.jp/pdf/p_pdfmanual_191002141324.pdf
ガスガン,ガスブローバック,デザートイーグル.50AE,https://www.tokyo-marui.co.jp/pdf/p_pdfmanual_191002141001.pdf
ガスガン,ガスブローバック,デザートイーグル.50AE クロームステンレス,https://www.tokyo-marui.co.jp/pdf/p_pdfmanual_191002140916.pdf
ガスガン,ガスブローバック,サムライ・エッジ スタンダードモデル,https://www.tokyo-marui.co.jp/pdf/p_pdfmanual_191002141219.pdf
ガスガン,ガスブローバック,ハイキャパ5.1 ガバメントモデル,https://www.tokyo-marui.co.jp/pdf/p_pdfmanual_200612142303.pdf
ガスガン,ガスブローバック,シグ ザウエル P226レイル,https://www.tokyo-marui.co.jp/pdf/p_pdfmanual_191002140754.pdf
ガスガン,ガスブローバック,ハイキャパ4.3 タクティカルカスタム,https://www.tokyo-marui.co.jp/pdf/p_pdfmanual_200612143212.pdf
ガスガン,ガスブローバック,M1911A1コルトガバメント,https://www.tokyo-marui.co.jp/pdf/p_pdfmanual_191002140637.pdf
ガスガン,ガスブローバック,グロック17 — 3rdジェネレーション,https://www.tokyo-marui.co.jp/pdf/p_pdfmanual_191002140550.pdf
ガスガン,ガスブローバック,シグ ザウエル P226レイル クロームステンレス,https://www.tokyo-marui.co.jp/pdf/p_pdfmanual_170720115922.pdf
ガスガン,ガスブローバック,デトニクス.45 コンバットマスター,https://www.tokyo-marui.co.jp/pdf/p_pdfmanual_191002140512.pdf
ガスガン,ガスブローバック,ハイキャパカスタム デュアル・ステンレス,https://www.tokyo-marui.co.jp/pdf/p_pdfmanual_191002140418.pdf
ガスガン,ガスブローバック,MEUピストル,https://www.tokyo-marui.co.jp/pdf/p_pdfmanual_191002140333.pdf
ガスガン,ガスブローバック・フルオート,グロック18C,https://www.tokyo-marui.co.jp/pdf/p_pdfmanual_191002141504.pdf
ガスガン,ガスブローバック・フルオート,ハイキャパ エクストリーム,https://www.tokyo-marui.co.jp/pdf/p_pdfmanual_191002141536.pdf
ガスガン,ガスブローバック・Rシリーズ,ハイキャパ5.1R ブラックモデル,https://www.tokyo-marui.co.jp/pdf/p_pdfmanual_191002155235.pdf
ガスガン,ガスブローバック・Rシリーズ,ハイキャパ5.1R シルバースライド,https://www.tokyo-marui.co.jp/pdf/p_pdfmanual_191002155200.pdf
ガスガン,固定スライドガスガン,センチメーターマスター【ホップアップ】,https://www.tokyo-marui.co.jp/pdf/p_pdfmanual_191002141927.pdf
ガスガン,固定スライドガスガン,ウィルソン スーパーグレード【ホップアップ】,https://www.tokyo-marui.co.jp/pdf/p_pdfmanual_191002141844.pdf
ガスガン,固定スライドガスガン,デザートイーグル,https://www.tokyo-marui.co.jp/pdf/p_pdfmanual_191002142140.pdf
ガスガン,固定スライドガスガン,ソーコム Mk23,https://www.tokyo-marui.co.jp/pdf/p_pdfmanual_191002141958.pdf
ガスガン,固定スライドガスガン,AMT ハードボーラー,https://www.tokyo-marui.co.jp/pdf/p_pdfmanual_191002142034.pdf
ガスガン,固定スライドガスガン,ステアー モデルGB,https://www.tokyo-marui.co.jp/pdf/p_pdfmanual_191002142107.pdf
ガスガン,ガスリボルバー,コルトパイソン.357マグナム ステンレスモデル 6インチ,https://www.tokyo-marui.co.jp/pdf/p_pdfmanual_191002144605.pdf
ガスガン,ガスリボルバー,コルトパイソン.357マグナム ステンレスモデル 4インチ,https://www.tokyo-marui.co.jp/pdf/p_pdfmanual_191002144743.pdf
ガスガン,ガスリボルバー,コルトパイソン.357マグナム ステンレスモデル 2.5インチ,https://www.tokyo-marui.co.jp/pdf/p_pdfmanual_191002144717.pdf
ガスガン,ガスリボルバー,スミス＆ウェッソン M19 6インチ,https://www.tokyo-marui.co.jp/pdf/p_pdfmanual_191002143935.pdf
ガスガン,ガスリボルバー,スミス＆ウェッソン M19 4インチ,https://www.tokyo-marui.co.jp/pdf/p_pdfmanual_191002144007.pdf
ガスガン,ガスリボルバー,スミス＆ウェッソン M19 2.5インチ,https://www.tokyo-marui.co.jp/pdf/p_pdfmanual_191002143907.pdf
ガスガン,ガスリボルバー,スミス＆ウェッソン M66 6インチ,https://www.tokyo-marui.co.jp/pdf/p_pdfmanual_191002143709.pdf
ガスガン,ガスリボルバー,スミス＆ウェッソン M66 4インチ,https://www.tokyo-marui.co.jp/pdf/p_pdfmanual_191002143745.pdf
ガスガン,ガスリボルバー,スミス＆ウェッソン M66 2.5インチ,https://www.tokyo-marui.co.jp/pdf/p_pdfmanual_191002143832.pdf
ガスガン,ガスリボルバー,コルトパイソン.357マグナム 6インチ,https://www.tokyo-marui.co.jp/pdf/p_pdfmanual_191002144430.pdf
ガスガン,ガスリボルバー,コルトパイソン.357マグナム 4インチ,https://www.tokyo-marui.co.jp/pdf/p_pdfmanual_191002144503.pdf
ガスガン,ガスリボルバー,コルトパイソン.357マグナム 2.5インチ,https://www.tokyo-marui.co.jp/pdf/p_pdfmanual_191002144531.pdf
エアコッキングガン,ボルトアクションエアーライフル,L96 AWS ブラックストック,https://www.tokyo-marui.co.jp/pdf/p_pdfmanual_191002145627.pdf
エアコッキングガン,ボルトアクションエアーライフル,L96 AWS O.D.ストック,https://www.tokyo-marui.co.jp/pdf/p_pdfmanual_191002145601.pdf
エアコッキングガン,ボルトアクションエアーライフル,プロハンターステンレス リアルショックバージョン ブラックストックモデル,https://www.tokyo-marui.co.jp/pdf/p_pdfmanual_191002145530.pdf
エアコッキングガン,ボルトアクションエアーライフル,プロハンターステンレス リアルショックバージョン ウッドタイプストックモデル,https://www.tokyo-marui.co.jp/pdf/p_pdfmanual_191002145447.pdf
エアコッキングガン,ボルトアクションエアーライフル,VSR-10 プロスナイパーバージョン,https://www.tokyo-marui.co.jp/pdf/p_pdfmanual_191002145900.pdf
エアコッキングガン,ボルトアクションエアーライフル,VSR-10 プロハンターG ブラックストック,https://www.tokyo-marui.co.jp/pdf/p_pdfmanual_191002145327.pdf
エアコッキングガン,ボルトアクションエアーライフル,VSR-10 プロハンターG ウッドタイプストック,https://www.tokyo-marui.co.jp/pdf/p_pdfmanual_191002145241.pdf
エアコッキングガン,ボルトアクションエアーライフル,M40A5 ブラックストック,https://www.tokyo-marui.co.jp/pdf/p_pdfmanual_191002144842.pdf
エアコッキングガン,ボルトアクションエアーライフル,M40A5 O.D.ストック,https://www.tokyo-marui.co.jp/pdf/p_pdfmanual_191002144925.pdf
エアコッキングガン,ボルトアクションエアーライフル,M40A5 F.D.E.ストック,https://www.tokyo-marui.co.jp/pdf/p_pdfmanual_191002145139.pdf
エアコッキングガン,ボルトアクションエアーライフル,VSR-10 リアルショックバージョン,https://www.tokyo-marui.co.jp/pdf/p_pdfmanual_191002145826.pdf
エアコッキングガン,ボルトアクションエアーライフル,VSR-10 プロスナイパー Gスペック,https://www.tokyo-marui.co.jp/pdf/p_pdfmanual_191002145743.pdf
エアコッキングガン,エアーショットガン,スパス12,https://www.tokyo-marui.co.jp/pdf/p_pdfmanual_191002150100.pdf
エアコッキングガン,エアーショットガン,M3 ショーティ,https://www.tokyo-marui.co.jp/pdf/p_pdfmanual_191002145951.pdf
エアコッキングガン,エアーショットガン,M3 スーパー90,https://www.tokyo-marui.co.jp/pdf/p_pdfmanual_191002150024.pdf
エアコッキングガン,エアーライフル＆サブマシンガン（18才モデル）,H&K MP5 A3,https://www.tokyo-marui.co.jp/pdf/p_pdfmanual_191002150219.pdf
エアコッキングガン,エアーライフル＆サブマシンガン（18才モデル）,ウージー・サブマシンガン,https://www.tokyo-marui.co.jp/pdf/p_pdfmanual_191002150259.pdf
エアコッキングガン,エアーライフル＆サブマシンガン（18才モデル）,ワルサー MPL,https://www.tokyo-marui.co.jp/pdf/p_pdfmanual_191002150330.pdf
エアコッキングガン,エアーライフル＆サブマシンガン（18才モデル）,Vz61 スコーピオン,https://www.tokyo-marui.co.jp/pdf/p_pdfmanual_191002150408.pdf
エアコッキングガン,エアーライフル＆サブマシンガン（18才モデル）,コルト XM177 E2,https://www.tokyo-marui.co.jp/pdf/p_pdfmanual_191002150441.pdf
エアコッキングガン,エアーライフル＆サブマシンガン（18才モデル）,H&K G3A3,https://www.tokyo-marui.co.jp/pdf/p_pdfmanual_191002150520.pdf
エアコッキングガン,エアーライフル＆サブマシンガン（18才モデル）,コルト M16A1,https://www.tokyo-marui.co.jp/pdf/p_pdfmanual_191002150549.pdf
エアコッキングガン,エアーライフル＆サブマシンガン（10才モデル）,H&K MP5 A3,https://www.tokyo-marui.co.jp/pdf/p_pdfmanual_191002155319.pdf
エアコッキングガン,エアーライフル＆サブマシンガン（10才モデル）,ウージー・サブマシンガン,https://www.tokyo-marui.co.jp/pdf/p_pdfmanual_191002155353.pdf
エアコッキングガン,エアーライフル＆サブマシンガン（10才モデル）,ワルサー MPL,https://www.tokyo-marui.co.jp/pdf/p_pdfmanual_191002155420.pdf
エアコッキングガン,エアーライフル＆サブマシンガン（10才モデル）,Vz61 スコーピオン,https://www.tokyo-marui.co.jp/pdf/p_pdfmanual_191002155522.pdf
エアコッキングガン,エアーライフル＆サブマシンガン（10才モデル）,コルト XM177 E2,https://www.tokyo-marui.co.jp/pdf/p_pdfmanual_191002155554.pdf
エアコッキングガン,BBエアーリボルバー,コルトパイソン.357マグナム 4インチ ブラックモデル,https://www.tokyo-marui.co.jp/pdf/p_pdfmanual_191002163347.pdf
エアコッキングガン,BBエアーリボルバー,コルトパイソン.357マグナム 4インチ ステンレスモデル,https://www.tokyo-marui.co.jp/pdf/p_pdfmanual_191002163421.pdf
エアコッキングガン,BBエアーリボルバー,コルトパイソン.357マグナム 6インチ ブラックモデル,https://www.tokyo-marui.co.jp/pdf/p_pdfmanual_191002163251.pdf
エアコッキングガン,BBエアーリボルバー,コルトパイソン.357マグナム 6インチ ステンレスモデル,https://www.tokyo-marui.co.jp/pdf/p_pdfmanual_191002163318.pdf
エアコッキングガン,BBエアーリボルバー,パイソンPPCカスタム 4インチ ブラックモデル,https://www.tokyo-marui.co.jp/pdf/p_pdfmanual_191002163221.pdf
エアコッキングガン,BBエアーリボルバー,パイソンPPCカスタム 4インチ ステンレスモデル,https://www.tokyo-marui.co.jp/pdf/p_pdfmanual_191002163157.pdf
エアコッキングガン,BBエアーリボルバー,パイソンPPCカスタム 6インチ ブラックモデル,https://www.tokyo-marui.co.jp/pdf/p_pdfmanual_191002163133.pdf
エアコッキングガン,BBエアーリボルバー,パイソンPPCカスタム 6インチ ステンレスモデル,https://www.tokyo-marui.co.jp/pdf/p_pdfmanual_191002163054.pdf
エアコッキングガン,エアーハンドガン（18才モデル）,グロック17 【ハイグレード/ホップアップ】,https://www.tokyo-marui.co.jp/pdf/p_pdfmanual_191002151626.pdf
エアコッキングガン,エアーハンドガン（18才モデル）,シグ・ザウエル P228 【ハイグレード/ホップアップ】,https://www.tokyo-marui.co.jp/pdf/p_pdfmanual_191002151558.pdf
エアコッキングガン,エアーハンドガン（18才モデル）,グロック17L 【ハイグレード/ホップアップ】,https://www.tokyo-marui.co.jp/pdf/p_pdfmanual_191002151407.pdf
エアコッキングガン,エアーハンドガン（18才モデル）,H&K P7M13 【ハイグレード/ホップアップ】,https://www.tokyo-marui.co.jp/pdf/p_pdfmanual_191002151253.pdf
エアコッキングガン,エアーハンドガン（18才モデル）,センチメーター マスター【ハイグレード/ホップアップ】,https://www.tokyo-marui.co.jp/pdf/p_pdfmanual_191002151523.pdf
エアコッキングガン,エアーハンドガン（18才モデル）,オートマグIII【ハイグレード/ホップアップ】,https://www.tokyo-marui.co.jp/pdf/p_pdfmanual_191002151451.pdf
エアコッキングガン,エアーハンドガン（18才モデル）,コルト ダブルイーグル【ホップアップ】,https://www.tokyo-marui.co.jp/pdf/p_pdfmanual_191002151334.pdf
エアコッキングガン,エアーハンドガン（18才モデル）,KP85【ハイグレード/ホップアップ】,https://www.tokyo-marui.co.jp/pdf/p_pdfmanual_191002151203.pdf
エアコッキングガン,エアーハンドガン（18才モデル）,Cz75 ファーストモデル【ハイグレード/ホップアップ】,https://www.tokyo-marui.co.jp/pdf/p_pdfmanual_191002151133.pdf
エアコッキングガン,エアーハンドガン（18才モデル）,H&K USP【ハイグレード/ホップアップ】,https://www.tokyo-marui.co.jp/pdf/p_pdfmanual_191002151058.pdf
エアコッキングガン,エアーハンドガン（18才モデル）,M92F ミリタリーモデル【ハイグレード/ホップアップ】,https://www.tokyo-marui.co.jp/pdf/p_pdfmanual_191002151008.pdf
エアコッキングガン,エアーハンドガン（18才モデル）,M8000 クーガーG 【ハイグレード/ホップアップ】,https://www.tokyo-marui.co.jp/pdf/p_pdfmanual_191002150931.pdf
エアコッキングガン,エアーハンドガン（18才モデル）,ソーコム Mk23【ハイグレード/ホップアップ】,https://www.tokyo-marui.co.jp/pdf/p_pdfmanual_191002150638.pdf
エアコッキングガン,エアーハンドガン（18才モデル）,コルト M1911A1ガバメント【ハイグレード/ホップアップ】,https://www.tokyo-marui.co.jp/pdf/p_pdfmanual_191002150807.pdf
エアコッキングガン,エアーハンドガン（18才モデル）,S&W PC356 【ハイグレード/ホップアップ】,https://www.tokyo-marui.co.jp/pdf/p_pdfmanual_191002150848.pdf
エアコッキングガン,エアーハンドガン（10才モデル）,センチメーター マスター ステンレス【ハイグレード/ホップアップ】,https://www.tokyo-marui.co.jp/pdf/p_pdfmanual_191002160159.pdf
エアコッキングガン,エアーハンドガン（10才モデル）,M92F ミリタリーモデル【ハイグレード/ホップアップ】,https://www.tokyo-marui.co.jp/pdf/p_pdfmanual_191002160620.pdf
エアコッキングガン,エアーハンドガン（10才モデル）,コルト ダブルイーグル【ホップアップ】,https://www.tokyo-marui.co.jp/pdf/p_pdfmanual_191002160700.pdf
エアコッキングガン,エアーハンドガン（10才モデル）,Cz75 ファーストモデル【ハイグレード/ホップアップ】,https://www.tokyo-marui.co.jp/pdf/p_pdfmanual_191002160730.pdf
エアコッキングガン,エアーハンドガン（10才モデル）,H&K USP【ハイグレード/ホップアップ】,https://www.tokyo-marui.co.jp/pdf/p_pdfmanual_191002160802.pdf
エアコッキングガン,エアーハンドガン（10才モデル）,ソーコム Mk23【ハイグレード/ホップアップ】,https://www.tokyo-marui.co.jp/pdf/p_pdfmanual_191002160830.pdf
エアコッキングガン,エアーハンドガン（10才モデル）,センチメーター マスター【ハイグレード/ホップアップ】,https://www.tokyo-marui.co.jp/pdf/p_pdfmanual_191002160913.pdf
エアコッキングガン,エアーハンドガン（10才モデル）,M8000 クーガーG 【ハイグレード/ホップアップ】,https://www.tokyo-marui.co.jp/pdf/p_pdfmanual_191002160949.pdf
エアコッキングガン,エアーハンドガン（10才モデル）,S&W PC356 【ハイグレード/ホップアップ】,https://www.tokyo-marui.co.jp/pdf/p_pdfmanual_191002161022.pdf
エアコッキングガン,エアーハンドガン（10才モデル）,オートマグIII【ハイグレード/ホップアップ】,https://www.tokyo-marui.co.jp/pdf/p_pdfmanual_191002161050.pdf
エアコッキングガン,エアーハンドガン（10才モデル）,H&K P7M13 【ハイグレード/ホップアップ】,https://www.tokyo-marui.co.jp/pdf/p_pdfmanual_191002161130.pdf
エアコッキングガン,エアーハンドガン（10才モデル）,KP85【ハイグレード/ホップアップ】,https://www.tokyo-marui.co.jp/pdf/p_pdfmanual_191002161156.pdf
エアコッキングガン,エアーハンドガン（10才モデル）,グロック17 【ハイグレード/ホップアップ】,https://www.tokyo-marui.co.jp/pdf/p_pdfmanual_191002161227.pdf
エアコッキングガン,エアーハンドガン（10才モデル）,グロック17L 【ハイグレード/ホップアップ】,https://www.tokyo-marui.co.jp/pdf/p_pdfmanual_191002161252.pdf
エアコッキングガン,エアーハンドガン（10才モデル）,シグ・ザウエル P228【ハイグレード/ホップアップ】,https://www.tokyo-marui.co.jp/pdf/p_pdfmanual_191002161322.pdf
エアコッキングガン,エアーハンドガン（10才モデル）,デザートイーグル【ホップアップ】,https://www.tokyo-marui.co.jp/pdf/p_pdfmanual_191002161352.pdf
エアコッキングガン,エアーハンドガン（10才モデル）,モデル645【ホップアップ】,https://www.tokyo-marui.co.jp/pdf/p_pdfmanual_191002161422.pdf
エアコッキングガン,エアーハンドガン（10才モデル）,コルト M1911A1ガバメント【ホップアップ】,https://www.tokyo-marui.co.jp/pdf/p_pdfmanual_191002161451.pdf
エアコッキングガン,エアーハンドガン（10才モデル）,オメガ 10mmオート【ホップアップ】,https://www.tokyo-marui.co.jp/pdf/p_pdfmanual_191002160437.pdf
エアコッキングガン,エアーハンドガン（10才モデル）,44 オートマグ【ホップアップ】,https://www.tokyo-marui.co.jp/pdf/p_pdfmanual_191002160511.pdf
エアコッキングガン,エアーハンドガン（10才モデル）,ワルサー P38【ホップアップ】,https://www.tokyo-marui.co.jp/pdf/p_pdfmanual_191002160542.pdf
エアコッキングガン,エアーハンドガン（10才モデル）,コルト ダブルイーグル ステンレス【ホップアップ】,https://www.tokyo-marui.co.jp/pdf/p_pdfmanual_191002160240.pdf
エアコッキングガン,エアーハンドガン（10才モデル）,オートマグIII ステンレス【ハイグレード/ホップアップ】,https://www.tokyo-marui.co.jp/pdf/p_pdfmanual_191002160129.pdf
エアコッキングガン,エアーハンドガン（10才モデル）,M92F ミリタリーモデル ステンレス【ハイグレード/ホップアップ】,https://www.tokyo-marui.co.jp/pdf/p_pdfmanual_191002160331.pdf
エアコッキングガン,エアーハンドガン（10才モデル）,M92F スライドシルバー ステンレスタイプ【ハイグレード/ホップアップ】,https://www.tokyo-marui.co.jp/pdf/p_pdfmanual_191002160037.pdf
エアコッキングガン,エアーハンドガン（10才モデル）,M92F フレームシルバー ステンレスタイプ【ハイグレード/ホップアップ】,https://www.tokyo-marui.co.jp/pdf/p_pdfmanual_191002155936.pdf
エアコッキングガン,エアーハンドガン（10才モデル）,オートマグIII ブラックモデル【ハイグレード/ホップアップ】,https://www.tokyo-marui.co.jp/pdf/p_pdfmanual_191002155838.pdf
エアコッキングガン,エアーハンドガン（10才モデル）,デザートイーグル ステンレスタイプ【ホップアップ】,https://www.tokyo-marui.co.jp/pdf/p_pdfmanual_191002155735.pdf
エアコッキングガン,エアーハンドガン（10才モデル）,センチメーター マスター ブラックモデル【ハイグレード/ホップアップ】,https://www.tokyo-marui.co.jp/pdf/p_pdfmanual_191002155800.pdf
エアコッキングガン,エアーハンドガン（10才モデル）,シグ・ザウエル P228 ステンレスタイプ【ハイグレード/ホップアップ】,https://www.tokyo-marui.co.jp/pdf/p_pdfmanual_191002155706.pdf
エアコッキングガン,ニュー銀ダンエアガンRF,ポリスピストルSS リアル・ブラック,https://www.tokyo-marui.co.jp/pdf/p_pdfmanual_191002163614.pdf
エアコッキングガン,ニュー銀ダンエアガンRF,ポリスピストルSS リアル・シルバー,https://www.tokyo-marui.co.jp/pdf/p_pdfmanual_191002163543.pdf
エアコッキングガン,ニュー銀ダンエアガンRF,グロック26 リアル・ブラック,https://www.tokyo-marui.co.jp/pdf/p_pdfmanual_191002163708.pdf
エアコッキングガン,ニュー銀ダンエアガンRF,グロック26 リアル・シルバー,https://www.tokyo-marui.co.jp/pdf/p_pdfmanual_191002163642.pdf
種類,細別,製品名,説明書URL
電動ガン,次世代電動ガン,AK74MN,https://www.tokyo-marui.co.jp/pdf/p_pdfmanual_191001165246.pdf
電動ガン,次世代電動ガン,AKS74U,https://www.tokyo-marui.co.jp/pdf/p_pdfmanual_191001171208.pdf
電動ガン,次世代電動ガン,ソップモッドM4,https://www.tokyo-marui.co.jp/pdf/p_pdfmanual_191001171110.pdf
電動ガン,次世代電動ガン,M4A1 カービン,https://www.tokyo-marui.co.jp/pdf/p_pdfmanual_191001170941.pdf
電動ガン,次世代電動ガン,AK102,https://www.tokyo-marui.co.jp/pdf/p_pdfmanual_191001170810.pdf
電動ガン,次世代電動ガン,AKS74N,https://www.tokyo-marui.co.jp/pdf/p_pdfmanual_191001170848.pdf
電動ガン,次世代電動ガン,G36K,https://www.tokyo-marui.co.jp/pdf/p_pdfmanual_191001170728.pdf
電動ガン,次世代電動ガン,CQB-R ブラックモデル,https://www.tokyo-marui.co.jp/pdf/p_pdfmanual_191001170653.pdf
電動ガン,次世代電動ガン,CQB-R フラット・ダークアース,https://www.tokyo-marui.co.jp/pdf/p_pdfmanual_191001170622.pdf
電動ガン,次世代電動ガン,レシーライフル ブラック,https://www.tokyo-marui.co.jp/pdf/p_pdfmanual_191001170357.pdf
電動ガン,次世代電動ガン,スカーL フラット・ダークアース,https://www.tokyo-marui.co.jp/pdf/p_pdfmanual_191001170312.pdf
電動ガン,次世代電動ガン,スカーL ブラック,https://www.tokyo-marui.co.jp/pdf/p_pdfmanual_191001170223.pdf
電動ガン,次世代電動ガン,G36Cカスタム,https://www.tokyo-marui.co.jp/pdf/p_pdfmanual_191001170138.pdf
電動ガン,次世代電動ガン,スカーL CQC フラット・ダークアース,https://www.tokyo-marui.co.jp/pdf/p_pdfmanual_191001170024.pdf
電動ガン,次世代電動ガン,スカーL CQC ブラック,https://www.tokyo-marui.co.jp/pdf/p_pdfmanual_191001165941.pdf
電動ガン,次世代電動ガン,レシーライフル タンカラーモデル,https://www.tokyo-marui.co.jp/pdf/p_pdfmanual_191001170546.pdf
電動ガン,次世代電動ガン,スカーH フラット・ダークアース,https://www.tokyo-marui.co.jp/pdf/p_pdfmanual_191001165859.pdf
電動ガン,次世代電動ガン,スカーH ブラック,https://www.tokyo-marui.co.jp/pdf/p_pdfmanual_191001165827.pdf
電動ガン,次世代電動ガン,HK416D,https://www.tokyo-marui.co.jp/pdf/p_pdfmanual_191001165720.pdf
電動ガン,次世代電動ガン,DEVGRUカスタム HK416D,https://www.tokyo-marui.co.jp/pdf/p_pdfmanual_191001165638.pdf
電動ガン,次世代電動ガン,HK417 アーリーバリアント,https://www.tokyo-marui.co.jp/pdf/p_pdfmanual_191001165547.pdf
電動ガン,次世代電動ガン,HK416C カスタム,https://www.tokyo-marui.co.jp/pdf/p_pdfmanual_191001165451.pdf
電動ガン,次世代電動ガン,HK416 デルタカスタム,https://www.tokyo-marui.co.jp/pdf/p_pdfmanual_191001165352.pdf
電動ガン,次世代電動ガン,AK47,https://www.tokyo-marui.co.jp/pdf/p_pdfmanual_210602074113.pdf
電動ガン,次世代電動ガン,HK416 デルタカスタム ブラック,https://www.tokyo-marui.co.jp/pdf/p_pdfmanual_191001165120.pdf
電動ガン,次世代電動ガン,マーク18 モッド1,https://www.tokyo-marui.co.jp/pdf/p_pdfmanual_210603061555.pdf
電動ガン,電動ショットガン,AA-12,https://www.tokyo-marui.co.jp/pdf/p_pdfmanual_191001171458.pdf
電動ガン,電動ショットガン,SGR-12,https://www.tokyo-marui.co.jp/pdf/p_pdfmanual_191001171406.pdf
電動ガン,電動ガン スタンダードタイプ,ナイツSR-16 M4カービン,https://www.tokyo-marui.co.jp/pdf/p_pdfmanual_191002113440.pdf
電動ガン,電動ガン スタンダードタイプ,H&K MP5A4,https://www.tokyo-marui.co.jp/pdf/p_pdfmanual_191002112951.pdf
電動ガン,電動ガン スタンダードタイプ,H&K MP5クルツA4 PDW,https://www.tokyo-marui.co.jp/pdf/p_pdfmanual_191002114243.pdf
電動ガン,電動ガン スタンダードタイプ,H&K MP5 SD5,https://www.tokyo-marui.co.jp/pdf/p_pdfmanual_191002113332.pdf
電動ガン,電動ガン スタンダードタイプ,H&K MP5 SD6,https://www.tokyo-marui.co.jp/pdf/p_pdfmanual_191002113841.pdf
電動ガン,電動ガン スタンダードタイプ,MP5-J,https://www.tokyo-marui.co.jp/pdf/p_pdfmanual_191001172144.pdf
電動ガン,電動ガン スタンダードタイプ,P-90 TR,https://www.tokyo-marui.co.jp/pdf/p_pdfmanual_191002113205.pdf
電動ガン,電動ガン スタンダードタイプ,P-90,https://www.tokyo-marui.co.jp/pdf/p_pdfmanual_191001171739.pdf
電動ガン,電動ガン スタンダードタイプ,ファマス 5.56-F1,https://www.tokyo-marui.co.jp/pdf/p_pdfmanual_191002114200.pdf
電動ガン,電動ガン スタンダードタイプ,ファマス スーパーバージョン,https://www.tokyo-marui.co.jp/pdf/p_pdfmanual_191002114910.pdf
電動ガン,電動ガン スタンダードタイプ,ステアーAUG,https://www.tokyo-marui.co.jp/pdf/p_pdfmanual_191002114019.pdf
電動ガン,電動ガン スタンダードタイプ,コルト M4A1 リスバージョン,https://www.tokyo-marui.co.jp/pdf/p_pdfmanual_191002113808.pdf
電動ガン,電動ガン スタンダードタイプ,トンプソンM1A1,https://www.tokyo-marui.co.jp/pdf/p_pdfmanual_191002113606.pdf
電動ガン,電動ガン スタンダードタイプ,H&K G36C,https://www.tokyo-marui.co.jp/pdf/p_pdfmanual_191002112803.pdf
電動ガン,電動ガン スタンダードタイプ,ウージー・サブマシンガン,https://www.tokyo-marui.co.jp/pdf/p_pdfmanual_170720114819.pdf
電動ガン,電動ガン スタンダードタイプ,SIG552 シールズ,https://www.tokyo-marui.co.jp/pdf/p_pdfmanual_191002111528.pdf
電動ガン,電動ガン スタンダードタイプ,AK47S,https://www.tokyo-marui.co.jp/pdf/p_pdfmanual_191002114719.pdf
電動ガン,電動ガン スタンダードタイプ,AK47,https://www.tokyo-marui.co.jp/pdf/p_pdfmanual_191002114640.pdf
電動ガン,電動ガン スタンダードタイプ,AK47 ヴェータ・スペツナズ,https://www.tokyo-marui.co.jp/pdf/p_pdfmanual_191002113250.pdf
電動ガン,電動ガン スタンダードタイプ,コルト M733コマンド,https://www.tokyo-marui.co.jp/pdf/p_pdfmanual_191002112706.pdf
電動ガン,電動ガン スタンダードタイプ,H&K G3 SG・1,https://www.tokyo-marui.co.jp/pdf/p_pdfmanual_191002114504.pdf
電動ガン,電動ガン スタンダードタイプ,H&K PSG-1,https://www.tokyo-marui.co.jp/pdf/p_pdfmanual_191002114423.pdf
電動ガン,電動ガン スタンダードタイプ,H&K G3 SAS,https://www.tokyo-marui.co.jp/pdf/p_pdfmanual_191001172226.pdf
電動ガン,電動ガン スタンダードタイプ,G3ショーティ MC51,https://www.tokyo-marui.co.jp/pdf/p_pdfmanual_191002114320.pdf
電動ガン,電動ガン スタンダードタイプ,89式5.56mm小銃,https://www.tokyo-marui.co.jp/pdf/p_pdfmanual_191001171825.pdf
電動ガン,電動ガン スタンダードタイプ,M4 S–システム,https://www.tokyo-marui.co.jp/pdf/p_pdfmanual_191001172112.pdf
電動ガン,電動ガン スタンダードタイプ,U.S.ライフル M14 ウッドタイプストックver.,https://www.tokyo-marui.co.jp/pdf/p_pdfmanual_191001172031.pdf
電動ガン,電動ガン スタンダードタイプ,U.S.ライフル M14 ファイバータイプO.D.ストックver.,https://www.tokyo-marui.co.jp/pdf/p_pdfmanual_191001171953.pdf
電動ガン,電動ガン スタンダードタイプ,コルト M16A2,https://www.tokyo-marui.co.jp/pdf/p_pdfmanual_191002113922.pdf
電動ガン,電動ガン スタンダードタイプ,コルト M4A1カービン,https://www.tokyo-marui.co.jp/pdf/p_pdfmanual_191001171916.pdf
電動ガン,電動ガン スタンダードタイプ,M14ソーコム,https://www.tokyo-marui.co.jp/pdf/p_pdfmanual_191001171700.pdf
電動ガン,電動ガン スタンダードタイプ,89式5.56mm小銃〈折曲銃床式〉,https://www.tokyo-marui.co.jp/pdf/p_pdfmanual_191001171608.pdf
電動ガン,電動ガン スタンダードタイプ,コルトM16A1 ベトナムバージョン,https://www.tokyo-marui.co.jp/pdf/p_pdfmanual_191002113523.pdf
電動ガン,電動ガン スタンダードタイプ,H&K MP5クルツA4,https://www.tokyo-marui.co.jp/pdf/p_pdfmanual_191002114542.pdf
電動ガン,電動ガン スタンダードタイプ,H&K MP5 R.A.S.,https://www.tokyo-marui.co.jp/pdf/p_pdfmanual_191002113119.pdf
電動ガン,電動ガン スタンダードタイプ,H&K MP5A5,https://www.tokyo-marui.co.jp/pdf/p_pdfmanual_191002112843.pdf
電動ガン,電動ガン ハイサイクルカスタム,H&K MP5A5 HC,https://www.tokyo-marui.co.jp/pdf/p_pdfmanual_191002115820.pdf
電動ガン,電動ガン ハイサイクルカスタム,H&K G3 SAS HC,https://www.tokyo-marui.co.jp/pdf/p_pdfmanual_191002115857.pdf
電動ガン,電動ガン ハイサイクルカスタム,M4 CRW,https://www.tokyo-marui.co.jp/pdf/p_pdfmanual_191002115740.pdf
電動ガン,電動ガン ハイサイクルカスタム,AK47 HC,https://www.tokyo-marui.co.jp/pdf/p_pdfmanual_191002115632.pdf
電動ガン,電動ガン ハイサイクルカスタム,ステアーHC ブラック,https://www.tokyo-marui.co.jp/pdf/p_pdfmanual_191002115503.pdf
電動ガン,電動ガン ハイサイクルカスタム,ステアーHC タンカラーモデル,https://www.tokyo-marui.co.jp/pdf/p_pdfmanual_191002115235.pdf
電動ガン,電動ガン ハイサイクルカスタム,PS90 HC,https://www.tokyo-marui.co.jp/pdf/p_pdfmanual_191002115156.pdf
電動ガン,電動ガン ハイサイクルカスタム,H&K MP5K HC,https://www.tokyo-marui.co.jp/pdf/p_pdfmanual_191002115104.pdf
電動ガン,電動ガン ハイサイクルカスタム,M4パトリオットHC,https://www.tokyo-marui.co.jp/pdf/p_pdfmanual_191002115011.pdf
電動ガン,電動コンパクトマシンガン,MP7A1 ブラック,https://www.tokyo-marui.co.jp/pdf/p_pdfmanual_191002131131.pdf
電動ガン,電動コンパクトマシンガン,スコーピオン Vz.61,https://www.tokyo-marui.co.jp/pdf/p_pdfmanual_191002131024.pdf
電動ガン,電動コンパクトマシンガン,マック10,https://www.tokyo-marui.co.jp/pdf/p_pdfmanual_191002131058.pdf
電動ガン,電動コンパクトマシンガン,MP7A1 タンカラーモデル,https://www.tokyo-marui.co.jp/pdf/p_pdfmanual_191002130948.pdf
電動ガン,電動コンパクトマシンガン,スコーピオン モッドM,https://www.tokyo-marui.co.jp/pdf/p_pdfmanual_210602074955.pdf
電動ガン,電動ガン ハンドガンタイプ,グロック18C,https://www.tokyo-marui.co.jp/pdf/p_pdfmanual_191002131419.pdf
電動ガン,電動ガン ハンドガンタイプ,M93R,https://www.tokyo-marui.co.jp/pdf/p_pdfmanual_191002131320.pdf
電動ガン,電動ガン ハンドガンタイプ,H&K USP,https://www.tokyo-marui.co.jp/pdf/p_pdfmanual_191002131348.pdf
電動ガン,電動ガン ハンドガンタイプ,M9A1,https://www.tokyo-marui.co.jp/pdf/p_pdfmanual_210224011206.pdf
電動ガン,電動ガン ハンドガンタイプ,グロック18C シルバースライド,https://www.tokyo-marui.co.jp/pdf/p_pdfmanual_191002131535.pdf
電動ガン,電動ガン ハンドガンタイプ,H&K USP シルバースライド,https://www.tokyo-marui.co.jp/pdf/p_pdfmanual_191002131612.pdf
電動ガン,電動ガン ハンドガンタイプ,M93R シルバースライド,https://www.tokyo-marui.co.jp/pdf/p_pdfmanual_191002131457.pdf
電動ガン,電動ガン ハンドガンタイプ,ハイキャパE ガバメントモデル,https://www.tokyo-marui.co.jp/pdf/p_pdfmanual_191002131244.pdf
電動ガン,電動ガン LIGHT PRO,M4 CQB ブラック,https://www.tokyo-marui.co.jp/pdf/p_pdfmanual_191002152709.pdf
電動ガン,電動ガン LIGHT PRO,MP5A5 R.A.S.,https://www.tokyo-marui.co.jp/pdf/p_pdfmanual_191002153006.pdf
電動ガン,電動ガン LIGHT PRO,G36C,https://www.tokyo-marui.co.jp/pdf/p_pdfmanual_191002152933.pdf
電動ガン,電動ガン LIGHT PRO,AK74U,https://www.tokyo-marui.co.jp/pdf/p_pdfmanual_191002152859.pdf
電動ガン,電動ガン LIGHT PRO,M4 CQB タンカラーモデル,https://www.tokyo-marui.co.jp/pdf/p_pdfmanual_191002152824.pdf
電動ガン,電動ガンBOYs,ソップモッドM4,https://www.tokyo-marui.co.jp/pdf/p_pdfmanual_191002153341.pdf
電動ガン,電動ガンBOYs,スカーL CQC ブラック,https://www.tokyo-marui.co.jp/pdf/p_pdfmanual_191002153312.pdf
電動ガン,電動ガンBOYs,スカーL CQC フラット・ダークアース,https://www.tokyo-marui.co.jp/pdf/p_pdfmanual_191002153245.pdf
電動ガン,電動ガンBOYs,タボール21・コンパクト ブラック,https://www.tokyo-marui.co.jp/pdf/p_pdfmanual_191002153203.pdf
電動ガン,電動ガンBOYs,タボール21・コンパクト フラット・ダークアース,https://www.tokyo-marui.co.jp/pdf/p_pdfmanual_191002153136.pdf
電動ガン,電動ガンBOYs,M933 ショーティ・カスタム タンカラー,https://www.tokyo-marui.co.jp/pdf/p_pdfmanual_191002153103.pdf
電動ガン,電動ガンBOYs,コルト M4A1カービン,https://www.tokyo-marui.co.jp/pdf/p_pdfmanual_191002153516.pdf
電動ガン,電動ガンBOYs,H&K MP5A5,https://www.tokyo-marui.co.jp/pdf/p_pdfmanual_191002153443.pdf
電動ガン,電動ガンBOYs,H&K G36C,https://www.tokyo-marui.co.jp/pdf/p_pdfmanual_191002153411.pdf
電動ガン,電動ブローバック,M92F ミリタリー ブラック,https://www.tokyo-marui.co.jp/pdf/p_pdfmanual_191002154101.pdf
電動ガン,電動ブローバック,デザートイーグル.50AE ブラック,https://www.tokyo-marui.co.jp/pdf/p_pdfmanual_191002153957.pdf
電動ガン,電動ブローバック,センチメーターマスター,https://www.tokyo-marui.co.jp/pdf/p_pdfmanual_191002154203.pdf
電動ガン,電動ブローバック,KP85,https://www.tokyo-marui.co.jp/pdf/p_pdfmanual_191002153859.pdf
電動ガン,電動ブローバック,コンバットデルタ ブラック,https://www.tokyo-marui.co.jp/pdf/p_pdfmanual_191002153814.pdf
電動ガン,電動ブローバック,デザートイーグル.50AE シルバーモデル,https://www.tokyo-marui.co.jp/pdf/p_pdfmanual_191002153931.pdf
電動ガン,電動ブローバック,M92Fミリタリー シルバーモデル,https://www.tokyo-marui.co.jp/pdf/p_pdfmanual_191002154037.pdf
電動ガン,電動ブローバック,コンバットデルタ シルバーモデル,https://www.tokyo-marui.co.jp/pdf/p_pdfmanual_191002153753.pdf
電動ガン,電動ブローバック,シグプロ SP2340,https://www.tokyo-marui.co.jp/pdf/p_pdfmanual_191002153553.pdf
電動ガン,電動ブローバック フルオート,グロック18C,https://www.tokyo-marui.co.jp/pdf/p_pdfmanual_191002154622.pdf
電動ガン,電動ブローバック フルオート,P99 DAO,https://www.tokyo-marui.co.jp/pdf/p_pdfmanual_191002154548.pdf
電動ガン,電動ブローバック フルオート,マック11,https://www.tokyo-marui.co.jp/pdf/p_pdfmanual_191002154437.pdf
電動ガン,電動ブローバック フルオート,スミス＆ウェッソン PC356,https://www.tokyo-marui.co.jp/pdf/p_pdfmanual_191002154503.pdf
電動ガン,電動ブローバック フルオート,HK P30,https://www.tokyo-marui.co.jp/pdf/p_pdfmanual_191002154410.pdf
電動ガン,電動ブローバック フルオート,M9A1 ブラック,https://www.tokyo-marui.co.jp/pdf/p_pdfmanual_191002154337.pdf
電動ガン,電動ブローバック フルオート,M9A1 シルバーモデル,https://www.tokyo-marui.co.jp/pdf/p_pdfmanual_191002154312.pdf
電動ガン,電動ブローバック フルオート,ハイキャパ4.3,https://www.tokyo-marui.co.jp/pdf/p_pdfmanual_210602013411.pdf
電動ガン,電動ブローバック フルオート,ハイキャパ5.1,https://www.tokyo-marui.co.jp/pdf/p_pdfmanual_210602012914.pdf
電動ガン,電動ブローバック フルオート,ハイキャパ5.1 シルバーモデル,https://www.tokyo-marui.co.jp/pdf/p_pdfmanual_210602013204.pdf
電動ガン,ミニ電動ガン,ウージーSMG ミニ,https://www.tokyo-marui.co.jp/pdf/p_pdfmanual_191002154710.pdf
電動ガン,ミニ電動ガン,M16 ミニ,https://www.tokyo-marui.co.jp/pdf/p_pdfmanual_191002155114.pdf
電動ガン,ミニ電動ガン,MP5A5 ミニ,https://www.tokyo-marui.co.jp/pdf/p_pdfmanual_191002155035.pdf
電動ガン,ミニ電動ガン,G3A3 ミニ,https://www.tokyo-marui.co.jp/pdf/p_pdfmanual_191002154857.pdf
電動ガン,ミニ電動ガン,ステアー ミニ,https://www.tokyo-marui.co.jp/pdf/p_pdfmanual_191002154818.pdf
電動ガン,ミニ電動ガン,シグ550 ミニ,https://www.tokyo-marui.co.jp/pdf/p_pdfmanual_191002154746.pdf
電動ガン,ミニ電動ガン,AK47 ミニ,https://www.tokyo-marui.co.jp/pdf/p_pdfmanual_191002154922.pdf
電動ガン,ミニ電動ガン,XM177 ミニ,https://www.tokyo-marui.co.jp/pdf/p_pdfmanual_191002155007.pdf
ガスガン,ガスショットガン＆グレネードランチャー,M870タクティカル,https://www.tokyo-marui.co.jp/pdf/p_pdfmanual_191002132201.pdf
ガスガン,ガスショットガン＆グレネードランチャー,M320A1,https://www.tokyo-marui.co.jp/pdf/p_pdfmanual_191002132117.pdf
ガスガン,ガスショットガン＆グレネードランチャー,M870ブリーチャー,https://www.tokyo-marui.co.jp/pdf/p_pdfmanual_191002132041.pdf
ガスガン,ガスショットガン＆グレネードランチャー,M870ウッドストックタイプ,https://www.tokyo-marui.co.jp/pdf/p_pdfmanual_191002131830.pdf
ガスガン,ガスショットガン＆グレネードランチャー,KSG,https://www.tokyo-marui.co.jp/pdf/p_pdfmanual_191002131749.pdf
ガスガン,ガスブローバック マシンガン,MP7A1 ブラック,https://www.tokyo-marui.co.jp/pdf/p_pdfmanual_191002132703.pdf
ガスガン,ガスブローバック マシンガン,MP7A1 タンカラー,https://www.tokyo-marui.co.jp/pdf/p_pdfmanual_191002132625.pdf
ガスガン,ガスブローバック マシンガン,M4A1 MWS,https://www.tokyo-marui.co.jp/pdf/p_pdfmanual_191002132543.pdf
ガスガン,ガスブローバック マシンガン,CQBR ブロック1,https://www.tokyo-marui.co.jp/pdf/p_pdfmanual_191002132444.pdf
ガスガン,ガスブローバック マシンガン,M4A1 カービン,https://www.tokyo-marui.co.jp/pdf/p_pdfmanual_191002132408.pdf
ガスガン,ガスブローバック マシンガン,89式5.56mm小銃〈固定銃床型〉,https://www.tokyo-marui.co.jp/pdf/p_pdfmanual_191002132324.pdf
ガスガン,ガスブローバック マシンガン,MTR16,https://www.tokyo-marui.co.jp/pdf/p_pdfmanual_210608014639.pdf
ガスガン,ガスブローバック,デザートイーグル.50AE 10インチバレル,https://www.tokyo-marui.co.jp/pdf/p_pdfmanual_191002140214.pdf
ガスガン,ガスブローバック,FNファイブセブン,https://www.tokyo-marui.co.jp/pdf/p_pdfmanual_191002140140.pdf
ガスガン,ガスブローバック,ハイキャパ5.1 ステンレスモデル,https://www.tokyo-marui.co.jp/pdf/p_pdfmanual_200612142457.pdf
ガスガン,ガスブローバック,デザートウォーリア 4.3,https://www.tokyo-marui.co.jp/pdf/p_pdfmanual_191002140023.pdf
ガスガン,ガスブローバック,G17カスタム フォリッジ・グリーン,https://www.tokyo-marui.co.jp/pdf/p_pdfmanual_191002135924.pdf
ガスガン,ガスブローバック,G17カスタム フラット・ダークアース,https://www.tokyo-marui.co.jp/pdf/p_pdfmanual_191002135950.pdf
ガスガン,ガスブローバック,ナイトウォーリア,https://www.tokyo-marui.co.jp/pdf/p_pdfmanual_191002135837.pdf
ガスガン,ガスブローバック,フォリッジウォーリア,https://www.tokyo-marui.co.jp/pdf/p_pdfmanual_191002135802.pdf
ガスガン,ガスブローバック,Px4,https://www.tokyo-marui.co.jp/pdf/p_pdfmanual_191002135721.pdf
ガスガン,ガスブローバック,ストライクウォーリア,https://www.tokyo-marui.co.jp/pdf/p_pdfmanual_191002135636.pdf
ガスガン,ガスブローバック,シグ ザウエル P226 E2,https://www.tokyo-marui.co.jp/pdf/p_pdfmanual_191002135552.pdf
ガスガン,ガスブローバック,XDM-40,https://www.tokyo-marui.co.jp/pdf/p_pdfmanual_191002135515.pdf
ガスガン,ガスブローバック,コルト ガバメント マークIV シリーズ'70,https://www.tokyo-marui.co.jp/pdf/p_pdfmanual_191002135439.pdf
ガスガン,ガスブローバック,M9A1,https://www.tokyo-marui.co.jp/pdf/p_pdfmanual_191002135400.pdf
ガスガン,ガスブローバック,コルト ガバメント シリーズ'70 ニッケルフィニッシュ,https://www.tokyo-marui.co.jp/pdf/p_pdfmanual_191002135317.pdf
ガスガン,ガスブローバック,M9A1 ステンレスモデル,https://www.tokyo-marui.co.jp/pdf/p_pdfmanual_191002135240.pdf
ガスガン,ガスブローバック,HK45,https://www.tokyo-marui.co.jp/pdf/p_pdfmanual_191002135145.pdf
ガスガン,ガスブローバック,M&P 9,https://www.tokyo-marui.co.jp/pdf/p_pdfmanual_191002135108.pdf
ガスガン,ガスブローバック,M&P 9 Vカスタム,https://www.tokyo-marui.co.jp/pdf/p_pdfmanual_191002135025.pdf
ガスガン,ガスブローバック,USPコンパクト,https://www.tokyo-marui.co.jp/pdf/p_pdfmanual_191002134947.pdf
ガスガン,ガスブローバック,ハイキャパ5.1 ゴールドマッチ,https://www.tokyo-marui.co.jp/pdf/p_pdfmanual_200612143440.pdf
ガスガン,ガスブローバック,U.S. M9ピストル,https://www.tokyo-marui.co.jp/pdf/p_pdfmanual_191002134712.pdf
ガスガン,ガスブローバック,グロック34,https://www.tokyo-marui.co.jp/pdf/p_pdfmanual_191002134616.pdf
ガスガン,ガスブローバック,サムライエッジ スタンダードモデル〈ハイグレードタイプ〉,https://www.tokyo-marui.co.jp/pdf/p_pdfmanual_191002134504.pdf
ガスガン,ガスブローバック,グロック22,https://www.tokyo-marui.co.jp/pdf/p_pdfmanual_191002134546.pdf
ガスガン,ガスブローバック,HK45 タクティカル,https://www.tokyo-marui.co.jp/pdf/p_pdfmanual_191002134411.pdf
ガスガン,ガスブローバック,デトニクス.45 コンバットマスター ステンレスモデル,https://www.tokyo-marui.co.jp/pdf/p_pdfmanual_191002134240.pdf
ガスガン,ガスブローバック,シグ ザウエル P226 E2 ステンレスモデル,https://www.tokyo-marui.co.jp/pdf/p_pdfmanual_191002134138.pdf
ガスガン,ガスブローバック,USP,https://www.tokyo-marui.co.jp/pdf/p_pdfmanual_210608013317.pdf
ガスガン,ガスブローバック,M45A1 CQBピストル,https://www.tokyo-marui.co.jp/pdf/p_pdfmanual_191002133953.pdf
ガスガン,ガスブローバック,M&P 9L PCポーテッド,https://www.tokyo-marui.co.jp/pdf/p_pdfmanual_191002133843.pdf
ガスガン,ガスブローバック,アルバート.W.モデル 01P,https://www.tokyo-marui.co.jp/pdf/p_pdfmanual_191002133723.pdf
ガスガン,ガスブローバック,グロック19 サードジェネレーション,https://www.tokyo-marui.co.jp/pdf/p_pdfmanual_191002133045.pdf
ガスガン,ガスブローバック,FNX-45タクティカル,https://www.tokyo-marui.co.jp/pdf/p_pdfmanual_210608012637.pdf
ガスガン,ガスブローバック,M92F ミリタリーモデル,https://www.tokyo-marui.co.jp/pdf/p_pdfmanual_191002141404.pdf
ガスガン,ガスブローバック,V10 ウルトラコンパクト,https://www.tokyo-marui.co.jp/pdf/p_pdfmanual_210608014320.pdf
ガスガン,ガスブローバック,M45A1 ブラック,https://www.tokyo-marui.co.jp/pdf/p_pdfmanual_210608012819.pdf
ガスガン,ガスブローバック,M92F クロームステンレス,https://www.tokyo-marui.co.jp/pdf/p_pdfmanual_191002141134.pdf
ガスガン,ガスブローバック,グロック26,https://www.tokyo-marui.co.jp/pdf/p_pdfmanual_191002141254.pdf
ガスガン,ガスブローバック,グロック26 アドバンス,https://www.tokyo-marui.co.jp/pdf/p_pdfmanual_191002141043.pdf
ガスガン,ガスブローバック,タクティカルマスター,https://www.tokyo-marui.co.jp/pdf/p_pdfmanual_191002141324.pdf
ガスガン,ガスブローバック,デザートイーグル.50AE,https://www.tokyo-marui.co.jp/pdf/p_pdfmanual_191002141001.pdf
ガスガン,ガスブローバック,デザートイーグル.50AE クロームステンレス,https://www.tokyo-marui.co.jp/pdf/p_pdfmanual_191002140916.pdf
ガスガン,ガスブローバック,サムライ・エッジ スタンダードモデル,https://www.tokyo-marui.co.jp/pdf/p_pdfmanual_191002141219.pdf
ガスガン,ガスブローバック,ハイキャパ5.1 ガバメントモデル,https://www.tokyo-marui.co.jp/pdf/p_pdfmanual_200612142303.pdf
ガスガン,ガスブローバック,シグ ザウエル P226レイル,https://www.tokyo-marui.co.jp/pdf/p_pdfmanual_191002140754.pdf
ガスガン,ガスブローバック,ハイキャパ4.3 タクティカルカスタム,https://www.tokyo-marui.co.jp/pdf/p_pdfmanual_200612143212.pdf
ガスガン,ガスブローバック,M1911A1コルトガバメント,https://www.tokyo-marui.co.jp/pdf/p_pdfmanual_191002140637.pdf
ガスガン,ガスブローバック,グロック17 — 3rdジェネレーション,https://www.tokyo-marui.co.jp/pdf/p_pdfmanual_191002140550.pdf
ガスガン,ガスブローバック,シグ ザウエル P226レイル クロームステンレス,https://www.tokyo-marui.co.jp/pdf/p_pdfmanual_170720115922.pdf
ガスガン,ガスブローバック,デトニクス.45 コンバットマスター,https://www.tokyo-marui.co.jp/pdf/p_pdfmanual_191002140512.pdf
ガスガン,ガスブローバック,ハイキャパカスタム デュアル・ステンレス,https://www.tokyo-marui.co.jp/pdf/p_pdfmanual_191002140418.pdf
ガスガン,ガスブローバック,MEUピストル,https://www.tokyo-marui.co.jp/pdf/p_pdfmanual_191002140333.pdf
ガスガン,ガスブローバック・フルオート,グロック18C,https://www.tokyo-marui.co.jp/pdf/p_pdfmanual_191002141504.pdf
ガスガン,ガスブローバック・フルオート,ハイキャパ エクストリーム,https://www.tokyo-marui.co.jp/pdf/p_pdfmanual_191002141536.pdf
ガスガン,ガスブローバック・Rシリーズ,ハイキャパ5.1R ブラックモデル,https://www.tokyo-marui.co.jp/pdf/p_pdfmanual_191002155235.pdf
ガスガン,ガスブローバック・Rシリーズ,ハイキャパ5.1R シルバースライド,https://www.tokyo-marui.co.jp/pdf/p_pdfmanual_191002155200.pdf
ガスガン,固定スライドガスガン,センチメーターマスター【ホップアップ】,https://www.tokyo-marui.co.jp/pdf/p_pdfmanual_191002141927.pdf
ガスガン,固定スライドガスガン,ウィルソン スーパーグレード【ホップアップ】,https://www.tokyo-marui.co.jp/pdf/p_pdfmanual_191002141844.pdf
ガスガン,固定スライドガスガン,デザートイーグル,https://www.tokyo-marui.co.jp/pdf/p_pdfmanual_191002142140.pdf
ガスガン,固定スライドガスガン,ソーコム Mk23,https://www.tokyo-marui.co.jp/pdf/p_pdfmanual_191002141958.pdf
ガスガン,固定スライドガスガン,AMT ハードボーラー,https://www.tokyo-marui.co.jp/pdf/p_pdfmanual_191002142034.pdf
ガスガン,固定スライドガスガン,ステアー モデルGB,https://www.tokyo-marui.co.jp/pdf/p_pdfmanual_191002142107.pdf
ガスガン,ガスリボルバー,コルトパイソン.357マグナム ステンレスモデル 6インチ,https://www.tokyo-marui.co.jp/pdf/p_pdfmanual_191002144605.pdf
ガスガン,ガスリボルバー,コルトパイソン.357マグナム ステンレスモデル 4インチ,https://www.tokyo-marui.co.jp/pdf/p_pdfmanual_191002144743.pdf
ガスガン,ガスリボルバー,コルトパイソン.357マグナム ステンレスモデル 2.5インチ,https://www.tokyo-marui.co.jp/pdf/p_pdfmanual_191002144717.pdf
ガスガン,ガスリボルバー,スミス＆ウェッソン M19 6インチ,https://www.tokyo-marui.co.jp/pdf/p_pdfmanual_191002143935.pdf
ガスガン,ガスリボルバー,スミス＆ウェッソン M19 4インチ,https://www.tokyo-marui.co.jp/pdf/p_pdfmanual_191002144007.pdf
ガスガン,ガスリボルバー,スミス＆ウェッソン M19 2.5インチ,https://www.tokyo-marui.co.jp/pdf/p_pdfmanual_191002143907.pdf
ガスガン,ガスリボルバー,スミス＆ウェッソン M66 6インチ,https://www.tokyo-marui.co.jp/pdf/p_pdfmanual_191002143709.pdf
ガスガン,ガスリボルバー,スミス＆ウェッソン M66 4インチ,https://www.tokyo-marui.co.jp/pdf/p_pdfmanual_191002143745.pdf
ガスガン,ガスリボルバー,スミス＆ウェッソン M66 2.5インチ,https://www.tokyo-marui.co.jp/pdf/p_pdfmanual_191002143832.pdf
ガスガン,ガスリボルバー,コルトパイソン.357マグナム 6インチ,https://www.tokyo-marui.co.jp/pdf/p_pdfmanual_191002144430.pdf
ガスガン,ガスリボルバー,コルトパイソン.357マグナム 4インチ,https://www.tokyo-marui.co.jp/pdf/p_pdfmanual_191002144503.pdf
ガスガン,ガスリボルバー,コルトパイソン.357マグナム 2.5インチ,https://www.tokyo-marui.co.jp/pdf/p_pdfmanual_191002144531.pdf
エアコッキングガン,ボルトアクションエアーライフル,L96 AWS ブラックストック,https://www.tokyo-marui.co.jp/pdf/p_pdfmanual_191002145627.pdf
エアコッキングガン,ボルトアクションエアーライフル,L96 AWS O.D.ストック,https://www.tokyo-marui.co.jp/pdf/p_pdfmanual_191002145601.pdf
エアコッキングガン,ボルトアクションエアーライフル,プロハンターステンレス リアルショックバージョン ブラックストックモデル,https://www.tokyo-marui.co.jp/pdf/p_pdfmanual_191002145530.pdf
エアコッキングガン,ボルトアクションエアーライフル,プロハンターステンレス リアルショックバージョン ウッドタイプストックモデル,https://www.tokyo-marui.co.jp/pdf/p_pdfmanual_191002145447.pdf
エアコッキングガン,ボルトアクションエアーライフル,VSR-10 プロスナイパーバージョン,https://www.tokyo-marui.co.jp/pdf/p_pdfmanual_191002145900.pdf
エアコッキングガン,ボルトアクションエアーライフル,VSR-10 プロハンターG ブラックストック,https://www.tokyo-marui.co.jp/pdf/p_pdfmanual_191002145327.pdf
エアコッキングガン,ボルトアクションエアーライフル,VSR-10 プロハンターG ウッドタイプストック,https://www.tokyo-marui.co.jp/pdf/p_pdfmanual_191002145241.pdf
エアコッキングガン,ボルトアクションエアーライフル,M40A5 ブラックストック,https://www.tokyo-marui.co.jp/pdf/p_pdfmanual_191002144842.pdf
エアコッキングガン,ボルトアクションエアーライフル,M40A5 O.D.ストック,https://www.tokyo-marui.co.jp/pdf/p_pdfmanual_191002144925.pdf
エアコッキングガン,ボルトアクションエアーライフル,M40A5 F.D.E.ストック,https://www.tokyo-marui.co.jp/pdf/p_pdfmanual_191002145139.pdf
エアコッキングガン,ボルトアクションエアーライフル,VSR-10 リアルショックバージョン,https://www.tokyo-marui.co.jp/pdf/p_pdfmanual_191002145826.pdf
エアコッキングガン,ボルトアクションエアーライフル,VSR-10 プロスナイパー Gスペック,https://www.tokyo-marui.co.jp/pdf/p_pdfmanual_191002145743.pdf
エアコッキングガン,エアーショットガン,スパス12,https://www.tokyo-marui.co.jp/pdf/p_pdfmanual_191002150100.pdf
エアコッキングガン,エアーショットガン,M3 ショーティ,https://www.tokyo-marui.co.jp/pdf/p_pdfmanual_191002145951.pdf
エアコッキングガン,エアーショットガン,M3 スーパー90,https://www.tokyo-marui.co.jp/pdf/p_pdfmanual_191002150024.pdf
エアコッキングガン,エアーライフル＆サブマシンガン（18才モデル）,H&K MP5 A3,https://www.tokyo-marui.co.jp/pdf/p_pdfmanual_191002150219.pdf
エアコッキングガン,エアーライフル＆サブマシンガン（18才モデル）,ウージー・サブマシンガン,https://www.tokyo-marui.co.jp/pdf/p_pdfmanual_191002150259.pdf
エアコッキングガン,エアーライフル＆サブマシンガン（18才モデル）,ワルサー MPL,https://www.tokyo-marui.co.jp/pdf/p_pdfmanual_191002150330.pdf
エアコッキングガン,エアーライフル＆サブマシンガン（18才モデル）,Vz61 スコーピオン,https://www.tokyo-marui.co.jp/pdf/p_pdfmanual_191002150408.pdf
エアコッキングガン,エアーライフル＆サブマシンガン（18才モデル）,コルト XM177 E2,https://www.tokyo-marui.co.jp/pdf/p_pdfmanual_191002150441.pdf
エアコッキングガン,エアーライフル＆サブマシンガン（18才モデル）,H&K G3A3,https://www.tokyo-marui.co.jp/pdf/p_pdfmanual_191002150520.pdf
エアコッキングガン,エアーライフル＆サブマシンガン（18才モデル）,コルト M16A1,https://www.tokyo-marui.co.jp/pdf/p_pdfmanual_191002150549.pdf
エアコッキングガン,エアーライフル＆サブマシンガン（10才モデル）,H&K MP5 A3,https://www.tokyo-marui.co.jp/pdf/p_pdfmanual_191002155319.pdf
エアコッキングガン,エアーライフル＆サブマシンガン（10才モデル）,ウージー・サブマシンガン,https://www.tokyo-marui.co.jp/pdf/p_pdfmanual_191002155353.pdf
エアコッキングガン,エアーライフル＆サブマシンガン（10才モデル）,ワルサー MPL,https://www.tokyo-marui.co.jp/pdf/p_pdfmanual_191002155420.pdf
エアコッキングガン,エアーライフル＆サブマシンガン（10才モデル）,Vz61 スコーピオン,https://www.tokyo-marui.co.jp/pdf/p_pdfmanual_191002155522.pdf
エアコッキングガン,エアーライフル＆サブマシンガン（10才モデル）,コルト XM177 E2,https://www.tokyo-marui.co.jp/pdf/p_pdfmanual_191002155554.pdf
エアコッキングガン,BBエアーリボルバー,コルトパイソン.357マグナム 4インチ ブラックモデル,https://www.tokyo-marui.co.jp/pdf/p_pdfmanual_191002163347.pdf
エアコッキングガン,BBエアーリボルバー,コルトパイソン.357マグナム 4インチ ステンレスモデル,https://www.tokyo-marui.co.jp/pdf/p_pdfmanual_191002163421.pdf
エアコッキングガン,BBエアーリボルバー,コルトパイソン.357マグナム 6インチ ブラックモデル,https://www.tokyo-marui.co.jp/pdf/p_pdfmanual_191002163251.pdf
エアコッキングガン,BBエアーリボルバー,コルトパイソン.357マグナム 6インチ ステンレスモデル,https://www.tokyo-marui.co.jp/pdf/p_pdfmanual_191002163318.pdf
エアコッキングガン,BBエアーリボルバー,パイソンPPCカスタム 4インチ ブラックモデル,https://www.tokyo-marui.co.jp/pdf/p_pdfmanual_191002163221.pdf
エアコッキングガン,BBエアーリボルバー,パイソンPPCカスタム 4インチ ステンレスモデル,https://www.tokyo-marui.co.jp/pdf/p_pdfmanual_191002163157.pdf
エアコッキングガン,BBエアーリボルバー,パイソンPPCカスタム 6インチ ブラックモデル,https://www.tokyo-marui.co.jp/pdf/p_pdfmanual_191002163133.pdf
エアコッキングガン,BBエアーリボルバー,パイソンPPCカスタム 6インチ ステンレスモデル,https://www.tokyo-marui.co.jp/pdf/p_pdfmanual_191002163054.pdf
エアコッキングガン,エアーハンドガン（18才モデル）,グロック17 【ハイグレード・ホップアップ】,https://www.tokyo-marui.co.jp/pdf/p_pdfmanual_191002151626.pdf
エアコッキングガン,エアーハンドガン（18才モデル）,シグ・ザウエル P228 【ハイグレード・ホップアップ】,https://www.tokyo-marui.co.jp/pdf/p_pdfmanual_191002151558.pdf
エアコッキングガン,エアーハンドガン（18才モデル）,グロック17L 【ハイグレード・ホップアップ】,https://www.tokyo-marui.co.jp/pdf/p_pdfmanual_191002151407.pdf
エアコッキングガン,エアーハンドガン（18才モデル）,H&K P7M13 【ハイグレード・ホップアップ】,https://www.tokyo-marui.co.jp/pdf/p_pdfmanual_191002151253.pdf
エアコッキングガン,エアーハンドガン（18才モデル）,センチメーター マスター【ハイグレード・ホップアップ】,https://www.tokyo-marui.co.jp/pdf/p_pdfmanual_191002151523.pdf
エアコッキングガン,エアーハンドガン（18才モデル）,オートマグIII【ハイグレード・ホップアップ】,https://www.tokyo-marui.co.jp/pdf/p_pdfmanual_191002151451.pdf
エアコッキングガン,エアーハンドガン（18才モデル）,コルト ダブルイーグル【ホップアップ】,https://www.tokyo-marui.co.jp/pdf/p_pdfmanual_191002151334.pdf
エアコッキングガン,エアーハンドガン（18才モデル）,KP85【ハイグレード・ホップアップ】,https://www.tokyo-marui.co.jp/pdf/p_pdfmanual_191002151203.pdf
エアコッキングガン,エアーハンドガン（18才モデル）,Cz75 ファーストモデル【ハイグレード・ホップアップ】,https://www.tokyo-marui.co.jp/pdf/p_pdfmanual_191002151133.pdf
エアコッキングガン,エアーハンドガン（18才モデル）,H&K USP【ハイグレード・ホップアップ】,https://www.tokyo-marui.co.jp/pdf/p_pdfmanual_191002151058.pdf
エアコッキングガン,エアーハンドガン（18才モデル）,M92F ミリタリーモデル【ハイグレード・ホップアップ】,https://www.tokyo-marui.co.jp/pdf/p_pdfmanual_191002151008.pdf
エアコッキングガン,エアーハンドガン（18才モデル）,M8000 クーガーG 【ハイグレード・ホップアップ】,https://www.tokyo-marui.co.jp/pdf/p_pdfmanual_191002150931.pdf
エアコッキングガン,エアーハンドガン（18才モデル）,ソーコム Mk23【ハイグレード・ホップアップ】,https://www.tokyo-marui.co.jp/pdf/p_pdfmanual_191002150638.pdf
エアコッキングガン,エアーハンドガン（18才モデル）,コルト M1911A1ガバメント【ハイグレード・ホップアップ】,https://www.tokyo-marui.co.jp/pdf/p_pdfmanual_191002150807.pdf
エアコッキングガン,エアーハンドガン（18才モデル）,S&W PC356 【ハイグレード・ホップアップ】,https://www.tokyo-marui.co.jp/pdf/p_pdfmanual_191002150848.pdf
エアコッキングガン,エアーハンドガン（10才モデル）,センチメーター マスター ステンレス【ハイグレード・ホップアップ】,https://www.tokyo-marui.co.jp/pdf/p_pdfmanual_191002160159.pdf
エアコッキングガン,エアーハンドガン（10才モデル）,M92F ミリタリーモデル【ハイグレード・ホップアップ】,https://www.tokyo-marui.co.jp/pdf/p_pdfmanual_191002160620.pdf
エアコッキングガン,エアーハンドガン（10才モデル）,コルト ダブルイーグル【ホップアップ】,https://www.tokyo-marui.co.jp/pdf/p_pdfmanual_191002160700.pdf
エアコッキングガン,エアーハンドガン（10才モデル）,Cz75 ファーストモデル【ハイグレード・ホップアップ】,https://www.tokyo-marui.co.jp/pdf/p_pdfmanual_191002160730.pdf
エアコッキングガン,エアーハンドガン（10才モデル）,H&K USP【ハイグレード・ホップアップ】,https://www.tokyo-marui.co.jp/pdf/p_pdfmanual_191002160802.pdf
エアコッキングガン,エアーハンドガン（10才モデル）,ソーコム Mk23【ハイグレード・ホップアップ】,https://www.tokyo-marui.co.jp/pdf/p_pdfmanual_191002160830.pdf
エアコッキングガン,エアーハンドガン（10才モデル）,センチメーター マスター【ハイグレード・ホップアップ】,https://www.tokyo-marui.co.jp/pdf/p_pdfmanual_191002160913.pdf
エアコッキングガン,エアーハンドガン（10才モデル）,M8000 クーガーG 【ハイグレード・ホップアップ】,https://www.tokyo-marui.co.jp/pdf/p_pdfmanual_191002160949.pdf
エアコッキングガン,エアーハンドガン（10才モデル）,S&W PC356 【ハイグレード・ホップアップ】,https://www.tokyo-marui.co.jp/pdf/p_pdfmanual_191002161022.pdf
エアコッキングガン,エアーハンドガン（10才モデル）,オートマグIII【ハイグレード・ホップアップ】,https://www.tokyo-marui.co.jp/pdf/p_pdfmanual_191002161050.pdf
エアコッキングガン,エアーハンドガン（10才モデル）,H&K P7M13 【ハイグレード・ホップアップ】,https://www.tokyo-marui.co.jp/pdf/p_pdfmanual_191002161130.pdf
エアコッキングガン,エアーハンドガン（10才モデル）,KP85【ハイグレード・ホップアップ】,https://www.tokyo-marui.co.jp/pdf/p_pdfmanual_191002161156.pdf
エアコッキングガン,エアーハンドガン（10才モデル）,グロック17 【ハイグレード・ホップアップ】,https://www.tokyo-marui.co.jp/pdf/p_pdfmanual_191002161227.pdf
エアコッキングガン,エアーハンドガン（10才モデル）,グロック17L 【ハイグレード・ホップアップ】,https://www.tokyo-marui.co.jp/pdf/p_pdfmanual_191002161252.pdf
エアコッキングガン,エアーハンドガン（10才モデル）,シグ・ザウエル P228【ハイグレード・ホップアップ】,https://www.tokyo-marui.co.jp/pdf/p_pdfmanual_191002161322.pdf
エアコッキングガン,エアーハンドガン（10才モデル）,デザートイーグル【ホップアップ】,https://www.tokyo-marui.co.jp/pdf/p_pdfmanual_191002161352.pdf
エアコッキングガン,エアーハンドガン（10才モデル）,モデル645【ホップアップ】,https://www.tokyo-marui.co.jp/pdf/p_pdfmanual_191002161422.pdf
エアコッキングガン,エアーハンドガン（10才モデル）,コルト M1911A1ガバメント【ホップアップ】,https://www.tokyo-marui.co.jp/pdf/p_pdfmanual_191002161451.pdf
エアコッキングガン,エアーハンドガン（10才モデル）,オメガ 10mmオート【ホップアップ】,https://www.tokyo-marui.co.jp/pdf/p_pdfmanual_191002160437.pdf
エアコッキングガン,エアーハンドガン（10才モデル）,44 オートマグ【ホップアップ】,https://www.tokyo-marui.co.jp/pdf/p_pdfmanual_191002160511.pdf
エアコッキングガン,エアーハンドガン（10才モデル）,ワルサー P38【ホップアップ】,https://www.tokyo-marui.co.jp/pdf/p_pdfmanual_191002160542.pdf
エアコッキングガン,エアーハンドガン（10才モデル）,コルト ダブルイーグル ステンレス【ホップアップ】,https://www.tokyo-marui.co.jp/pdf/p_pdfmanual_191002160240.pdf
エアコッキングガン,エアーハンドガン（10才モデル）,オートマグIII ステンレス【ハイグレード・ホップアップ】,https://www.tokyo-marui.co.jp/pdf/p_pdfmanual_191002160129.pdf
エアコッキングガン,エアーハンドガン（10才モデル）,M92F ミリタリーモデル ステンレス【ハイグレード・ホップアップ】,https://www.tokyo-marui.co.jp/pdf/p_pdfmanual_191002160331.pdf
エアコッキングガン,エアーハンドガン（10才モデル）,M92F スライドシルバー ステンレスタイプ【ハイグレード・ホップアップ】,https://www.tokyo-marui.co.jp/pdf/p_pdfmanual_191002160037.pdf
エアコッキングガン,エアーハンドガン（10才モデル）,M92F フレームシルバー ステンレスタイプ【ハイグレード・ホップアップ】,https://www.tokyo-marui.co.jp/pdf/p_pdfmanual_191002155936.pdf
エアコッキングガン,エアーハンドガン（10才モデル）,オートマグIII ブラックモデル【ハイグレード・ホップアップ】,https://www.tokyo-marui.co.jp/pdf/p_pdfmanual_191002155838.pdf
エアコッキングガン,エアーハンドガン（10才モデル）,デザートイーグル ステンレスタイプ【ホップアップ】,https://www.tokyo-marui.co.jp/pdf/p_pdfmanual_191002155735.pdf
エアコッキングガン,エアーハンドガン（10才モデル）,センチメーター マスター ブラックモデル【ハイグレード・ホップアップ】,https://www.tokyo-marui.co.jp/pdf/p_pdfmanual_191002155800.pdf
エアコッキングガン,エアーハンドガン（10才モデル）,シグ・ザウエル P228 ステンレスタイプ【ハイグレード・ホップアップ】,https://www.tokyo-marui.co.jp/pdf/p_pdfmanual_191002155706.pdf
エアコッキングガン,ニュー銀ダンエアガンRF,ポリスピストルSS リアル・ブラック,https://www.tokyo-marui.co.jp/pdf/p_pdfmanual_191002163614.pdf
エアコッキングガン,ニュー銀ダンエアガンRF,ポリスピストルSS リアル・シルバー,https://www.tokyo-marui.co.jp/pdf/p_pdfmanual_191002163543.pdf
エアコッキングガン,ニュー銀ダンエアガンRF,グロック26 リアル・ブラック,https://www.tokyo-marui.co.jp/pdf/p_pdfmanual_191002163708.pdf
エアコッキングガン,ニュー銀ダンエアガンRF,グロック26 リアル・シルバー,https://www.tokyo-marui.co.jp/pdf/p_pdfmanual_191002163642.pdf
