name,price,category,series,id,url
URG-I ソップモッド ブロック3,69800,electric,nextgeneration,481,https://www.tokyo-marui.co.jp/products/electric/nextgeneration/481
AKストーム,52800,electric,nextgeneration,476,https://www.tokyo-marui.co.jp/products/electric/nextgeneration/476
マーク46 モッド0,148000,electric,nextgeneration,472,https://www.tokyo-marui.co.jp/products/electric/nextgeneration/472
AKS47,49800,electric,nextgeneration,463,https://www.tokyo-marui.co.jp/products/electric/nextgeneration/463
マーク18 モッド1,69800,electric,nextgeneration,460,https://www.tokyo-marui.co.jp/products/electric/nextgeneration/460
HK416 デルタカスタム ブラック,69800,electric,nextgeneration,457,https://www.tokyo-marui.co.jp/products/electric/nextgeneration/457
AK74MN,54800,electric,nextgeneration,198,https://www.tokyo-marui.co.jp/products/electric/nextgeneration/198
AK47,49800,electric,nextgeneration,440,https://www.tokyo-marui.co.jp/products/electric/nextgeneration/440
HK416 デルタカスタム,69800,electric,nextgeneration,426,https://www.tokyo-marui.co.jp/products/electric/nextgeneration/426
HK416C カスタム,62800,electric,nextgeneration,413,https://www.tokyo-marui.co.jp/products/electric/nextgeneration/413
HK417 アーリーバリアント,82800,electric,nextgeneration,396,https://www.tokyo-marui.co.jp/products/electric/nextgeneration/396
DEVGRUカスタム HK416D,72800,electric,nextgeneration,370,https://www.tokyo-marui.co.jp/products/electric/nextgeneration/370
HK416D,64800,electric,nextgeneration,283,https://www.tokyo-marui.co.jp/products/electric/nextgeneration/283
スカーH　フラット・ダークアース,62800,electric,nextgeneration,270,https://www.tokyo-marui.co.jp/products/electric/nextgeneration/270
スカーH　ブラック,62800,electric,nextgeneration,271,https://www.tokyo-marui.co.jp/products/electric/nextgeneration/271
SGR-12,69800,electric,shotgun,432,https://www.tokyo-marui.co.jp/products/electric/shotgun/432
AA-12,54800,electric,shotgun,411,https://www.tokyo-marui.co.jp/products/electric/shotgun/411
トールハンマー〈アルバート.W.モデル 02〉,98000,electric,shotgun,443,https://www.tokyo-marui.co.jp/products/electric/shotgun/443
コルト M933コマンド,34800,electric,standard,210,https://www.tokyo-marui.co.jp/products/electric/standard/210
89式5.56mm小銃〈折曲銃床式〉,49800,electric,standard,42,https://www.tokyo-marui.co.jp/products/electric/standard/42
M14ソーコム,45800,electric,standard,41,https://www.tokyo-marui.co.jp/products/electric/standard/41
P-90,29800,electric,standard,16,https://www.tokyo-marui.co.jp/products/electric/standard/16
89式5.56mm小銃,46800,electric,standard,36,https://www.tokyo-marui.co.jp/products/electric/standard/36
コルト M4A1カービン,34800,electric,standard,40,https://www.tokyo-marui.co.jp/products/electric/standard/40
U.S.ライフル M14　ウッドタイプストックver.,45800,electric,standard,38,https://www.tokyo-marui.co.jp/products/electric/standard/38
U.S.ライフル M14　ファイバータイプO.D.ストックver.,45800,electric,standard,39,https://www.tokyo-marui.co.jp/products/electric/standard/39
M4 S–システム,45800,electric,standard,37,https://www.tokyo-marui.co.jp/products/electric/standard/37
MP5-J,28800,electric,standard,14,https://www.tokyo-marui.co.jp/products/electric/standard/14
H&K G3 SAS,26800,electric,standard,33,https://www.tokyo-marui.co.jp/products/electric/standard/33
SIG552 シールズ,29800,electric,standard,25,https://www.tokyo-marui.co.jp/products/electric/standard/25
コルト M733コマンド,29800,electric,standard,3,https://www.tokyo-marui.co.jp/products/electric/standard/3
H&K G36C,32800,electric,standard,22,https://www.tokyo-marui.co.jp/products/electric/standard/22
H&K MP5A5,25800,electric,standard,9,https://www.tokyo-marui.co.jp/products/electric/standard/9
M4パトリオットHC,34800,electric,highcycle,417,https://www.tokyo-marui.co.jp/products/electric/highcycle/417
H&K MP5K HC,29800,electric,highcycle,282,https://www.tokyo-marui.co.jp/products/electric/highcycle/282
PS90 HC,34800,electric,highcycle,274,https://www.tokyo-marui.co.jp/products/electric/highcycle/274
ステアーHC　タンカラーモデル,34800,electric,highcycle,273,https://www.tokyo-marui.co.jp/products/electric/highcycle/273
ステアーHC　ブラック,34800,electric,highcycle,260,https://www.tokyo-marui.co.jp/products/electric/highcycle/260
AK47 HC,34800,electric,highcycle,253,https://www.tokyo-marui.co.jp/products/electric/highcycle/253
M4 CRW,38800,electric,highcycle,245,https://www.tokyo-marui.co.jp/products/electric/highcycle/245
H&K MP5A5 HC,29800,electric,highcycle,228,https://www.tokyo-marui.co.jp/products/electric/highcycle/228
H&K G3 SAS HC,31800,electric,highcycle,229,https://www.tokyo-marui.co.jp/products/electric/highcycle/229
スコーピオン モッドD,26800,electric,compact,480,https://www.tokyo-marui.co.jp/products/electric/compact/480
スコーピオン モッドM,26800,electric,compact,450,https://www.tokyo-marui.co.jp/products/electric/compact/450
MP7A1　タンカラーモデル,24800,electric,compact,420,https://www.tokyo-marui.co.jp/products/electric/compact/420
スコーピオン Vz.61,22800,electric,compact,406,https://www.tokyo-marui.co.jp/products/electric/compact/406
マック10,25800,electric,compact,407,https://www.tokyo-marui.co.jp/products/electric/compact/407
MP7A1　ブラック,24800,electric,compact,404,https://www.tokyo-marui.co.jp/products/electric/compact/404
HK45,16800,electric,handgun,461,https://www.tokyo-marui.co.jp/products/electric/handgun/461
ハイキャパE ガバメントモデル,15800,electric,handgun,395,https://www.tokyo-marui.co.jp/products/electric/handgun/395
M93R,15800,electric,handgun,193,https://www.tokyo-marui.co.jp/products/electric/handgun/193
H&K USP,14800,electric,handgun,194,https://www.tokyo-marui.co.jp/products/electric/handgun/194
グロック18C,13800,electric,handgun,192,https://www.tokyo-marui.co.jp/products/electric/handgun/192
M93R　シルバースライド,15800,electric,handgun,390,https://www.tokyo-marui.co.jp/products/electric/handgun/390
グロック18C　シルバースライド,13800,electric,handgun,388,https://www.tokyo-marui.co.jp/products/electric/handgun/388
H&K USP　シルバースライド,14800,electric,handgun,389,https://www.tokyo-marui.co.jp/products/electric/handgun/389
M9A1,15800,electric,handgun,371,https://www.tokyo-marui.co.jp/products/electric/handgun/371
M933 ショーティ・カスタム　タンカラー,7800,electric,boys,393,https://www.tokyo-marui.co.jp/products/electric/boys/393
タボール21・コンパクト　フラット・ダークアース,8800,electric,boys,367,https://www.tokyo-marui.co.jp/products/electric/boys/367
タボール21・コンパクト　ブラック,8800,electric,boys,366,https://www.tokyo-marui.co.jp/products/electric/boys/366
スカーL CQC　フラット・ダークアース,8800,electric,boys,277,https://www.tokyo-marui.co.jp/products/electric/boys/277
スカーL CQC　ブラック,8800,electric,boys,276,https://www.tokyo-marui.co.jp/products/electric/boys/276
ソップモッドM4,7800,electric,boys,258,https://www.tokyo-marui.co.jp/products/electric/boys/258
H&K G36C,7800,electric,boys,46,https://www.tokyo-marui.co.jp/products/electric/boys/46
H&K MP5A5,6800,electric,boys,45,https://www.tokyo-marui.co.jp/products/electric/boys/45
コルト M4A1カービン,6800,electric,boys,43,https://www.tokyo-marui.co.jp/products/electric/boys/43
シグプロ SP2340,3480,electric,blowback,352,https://www.tokyo-marui.co.jp/products/electric/blowback/352
コンバットデルタ　シルバーモデル,3480,electric,blowback,351,https://www.tokyo-marui.co.jp/products/electric/blowback/351
KP85,3480,electric,blowback,347,https://www.tokyo-marui.co.jp/products/electric/blowback/347
デザートイーグル.50AE　シルバーモデル,3480,electric,blowback,349,https://www.tokyo-marui.co.jp/products/electric/blowback/349
M92Fミリタリー　シルバーモデル,3480,electric,blowback,350,https://www.tokyo-marui.co.jp/products/electric/blowback/350
コンバットデルタ　ブラック,3480,electric,blowback,348,https://www.tokyo-marui.co.jp/products/electric/blowback/348
デザートイーグル.50AE　ブラック,3480,electric,blowback,345,https://www.tokyo-marui.co.jp/products/electric/blowback/345
センチメーターマスター,3480,electric,blowback,346,https://www.tokyo-marui.co.jp/products/electric/blowback/346
M92F ミリタリー　ブラック,3480,electric,blowback,344,https://www.tokyo-marui.co.jp/products/electric/blowback/344
ハイキャパ5.1　シルバーモデル,3980,electric,blowbackauto,467,https://www.tokyo-marui.co.jp/products/electric/blowbackauto/467
ハイキャパ5.1,3980,electric,blowbackauto,458,https://www.tokyo-marui.co.jp/products/electric/blowbackauto/458
ハイキャパ4.3,3980,electric,blowbackauto,448,https://www.tokyo-marui.co.jp/products/electric/blowbackauto/448
M9A1 ブラック,3980,electric,blowbackauto,368,https://www.tokyo-marui.co.jp/products/electric/blowbackauto/368
M9A1 シルバーモデル,3980,electric,blowbackauto,369,https://www.tokyo-marui.co.jp/products/electric/blowbackauto/369
HK P30,3980,electric,blowbackauto,357,https://www.tokyo-marui.co.jp/products/electric/blowbackauto/357
マック11,3980,electric,blowbackauto,355,https://www.tokyo-marui.co.jp/products/electric/blowbackauto/355
スミス＆ウェッソン PC356,3980,electric,blowbackauto,356,https://www.tokyo-marui.co.jp/products/electric/blowbackauto/356
P99 DAO,3980,electric,blowbackauto,354,https://www.tokyo-marui.co.jp/products/electric/blowbackauto/354
グロック18C,3980,electric,blowbackauto,353,https://www.tokyo-marui.co.jp/products/electric/blowbackauto/353
ウージーSMG ミニ,3500,electric,mini,358,https://www.tokyo-marui.co.jp/products/electric/mini/358
シグ550 ミニ,3500,electric,mini,363,https://www.tokyo-marui.co.jp/products/electric/mini/363
ステアー ミニ,3500,electric,mini,362,https://www.tokyo-marui.co.jp/products/electric/mini/362
G3A3 ミニ,3500,electric,mini,361,https://www.tokyo-marui.co.jp/products/electric/mini/361
AK47 ミニ,3500,electric,mini,364,https://www.tokyo-marui.co.jp/products/electric/mini/364
XM177 ミニ,3500,electric,mini,365,https://www.tokyo-marui.co.jp/products/electric/mini/365
MP5A5 ミニ,3500,electric,mini,360,https://www.tokyo-marui.co.jp/products/electric/mini/360
M16 ミニ,3500,electric,mini,359,https://www.tokyo-marui.co.jp/products/electric/mini/359
マーク18 モッド1,72800,gas,machinegun,479,https://www.tokyo-marui.co.jp/products/gas/machinegun/479
MTR16 Gエディション,69800,gas,machinegun,473,https://www.tokyo-marui.co.jp/products/gas/machinegun/473
89式5.56mm小銃〈折曲銃床型〉,64800,gas,machinegun,470,https://www.tokyo-marui.co.jp/products/gas/machinegun/470
MTR16,69800,gas,machinegun,454,https://www.tokyo-marui.co.jp/products/gas/machinegun/454
89式5.56mm小銃〈固定銃床型〉,64800,gas,machinegun,452,https://www.tokyo-marui.co.jp/products/gas/machinegun/452
M4A1 カービン,54800,gas,machinegun,433,https://www.tokyo-marui.co.jp/products/gas/machinegun/433
CQBR ブロック1,59800,gas,machinegun,422,https://www.tokyo-marui.co.jp/products/gas/machinegun/422
M4A1 MWS,59800,gas,machinegun,409,https://www.tokyo-marui.co.jp/products/gas/machinegun/409
MP7A1 タンカラー,32800,gas,machinegun,403,https://www.tokyo-marui.co.jp/products/gas/machinegun/403
MP7A1　ブラック,32800,gas,machinegun,281,https://www.tokyo-marui.co.jp/products/gas/machinegun/281
V10 ウルトラコンパクト ブラック,18800,gas,blowback,484,https://www.tokyo-marui.co.jp/products/gas/blowback/484
AM .45,22800,gas,blowback,482,https://www.tokyo-marui.co.jp/products/gas/blowback/482
FNX-45タクティカル ブラック,17800,gas,blowback,478,https://www.tokyo-marui.co.jp/products/gas/blowback/478
グロック17 Gen.4,16800,gas,blowback,477,https://www.tokyo-marui.co.jp/products/gas/blowback/477
M45A1 ブラック,18800,gas,blowback,475,https://www.tokyo-marui.co.jp/products/gas/blowback/475
AM .45 バージョン・レン “ヴォーパル・バニー”,22800,gas,blowback,474,https://www.tokyo-marui.co.jp/products/gas/blowback/474
V10 ウルトラコンパクト,18800,gas,blowback,471,https://www.tokyo-marui.co.jp/products/gas/blowback/471
HK45 タクティカル ブラック,19800,gas,blowback,469,https://www.tokyo-marui.co.jp/products/gas/blowback/469
FNX-45タクティカル,17800,gas,blowback,465,https://www.tokyo-marui.co.jp/products/gas/blowback/465
ハイキャパ D.O.R,15800,gas,blowback,464,https://www.tokyo-marui.co.jp/products/gas/blowback/464
グロック19 サードジェネレーション,15800,gas,blowback,456,https://www.tokyo-marui.co.jp/products/gas/blowback/456
アルバート.W.モデル 01P,22800,gas,blowback,455,https://www.tokyo-marui.co.jp/products/gas/blowback/455
M&P 9L PCポーテッド,18800,gas,blowback,449,https://www.tokyo-marui.co.jp/products/gas/blowback/449
M45A1 CQBピストル,18800,gas,blowback,445,https://www.tokyo-marui.co.jp/products/gas/blowback/445
USP,16800,gas,blowback,444,https://www.tokyo-marui.co.jp/products/gas/blowback/444
グロック18C,16800,gas,blowbackauto,244,https://www.tokyo-marui.co.jp/products/gas/blowbackauto/244
ハイキャパ エクストリーム,16800,gas,blowbackauto,66,https://www.tokyo-marui.co.jp/products/gas/blowbackauto/66
ハイキャパ5.1R　ブラックモデル,13800,gas,blowbackr,203,https://www.tokyo-marui.co.jp/products/gas/blowbackr/203
ハイキャパ5.1R　シルバースライド,13800,gas,blowbackr,204,https://www.tokyo-marui.co.jp/products/gas/blowbackr/204
BODYGUARD 380,7980,gas,slide,485,https://www.tokyo-marui.co.jp/products/gas/slide/485
LCP,7980,gas,slide,483,https://www.tokyo-marui.co.jp/products/gas/slide/483
ソーコム Mk23,15800,gas,slide,67,https://www.tokyo-marui.co.jp/products/gas/slide/67
センチメーターマスター,6980,gas,slide,279,https://www.tokyo-marui.co.jp/products/gas/slide/279
ウィルソン スーパーグレード,6980,gas,slide,280,https://www.tokyo-marui.co.jp/products/gas/slide/280
AMT ハードボーラー,3900,gas,slide,68,https://www.tokyo-marui.co.jp/products/gas/slide/68
ステアー モデルGB,3980,gas,slide,71,https://www.tokyo-marui.co.jp/products/gas/slide/71
デザートイーグル,3900,gas,slide,59,https://www.tokyo-marui.co.jp/products/gas/slide/59
スミス＆ウェッソン M66　6インチ,14800,gas,revolver,287,https://www.tokyo-marui.co.jp/products/gas/revolver/287
スミス＆ウェッソン M66　4インチ,14800,gas,revolver,288,https://www.tokyo-marui.co.jp/products/gas/revolver/288
スミス＆ウェッソン M66　2.5インチ,14800,gas,revolver,289,https://www.tokyo-marui.co.jp/products/gas/revolver/289
スミス＆ウェッソン M19　2.5インチ,13800,gas,revolver,286,https://www.tokyo-marui.co.jp/products/gas/revolver/286
スミス＆ウェッソン M19　6インチ,13800,gas,revolver,284,https://www.tokyo-marui.co.jp/products/gas/revolver/284
スミス＆ウェッソン M19　4インチ,13800,gas,revolver,285,https://www.tokyo-marui.co.jp/products/gas/revolver/285
コルトパイソン.357マグナム　6インチ,13800,gas,revolver,372,https://www.tokyo-marui.co.jp/products/gas/revolver/372
コルトパイソン.357マグナム　4インチ,13800,gas,revolver,373,https://www.tokyo-marui.co.jp/products/gas/revolver/373
コルトパイソン.357マグナム　2.5インチ,13800,gas,revolver,374,https://www.tokyo-marui.co.jp/products/gas/revolver/374
コルトパイソン.357マグナム ステンレスモデル　6インチ,14800,gas,revolver,223,https://www.tokyo-marui.co.jp/products/gas/revolver/223
コルトパイソン.357マグナム ステンレスモデル　4インチ,14800,gas,revolver,224,https://www.tokyo-marui.co.jp/products/gas/revolver/224
コルトパイソン.357マグナム ステンレスモデル　2.5インチ,14800,gas,revolver,225,https://www.tokyo-marui.co.jp/products/gas/revolver/225
M40A5　F.D.E.ストック,42800,aircocking,boltaction,459,https://www.tokyo-marui.co.jp/products/aircocking/boltaction/459
M40A5　ブラックストック,42800,aircocking,boltaction,423,https://www.tokyo-marui.co.jp/products/aircocking/boltaction/423
M40A5　O.D.ストック,42800,aircocking,boltaction,424,https://www.tokyo-marui.co.jp/products/aircocking/boltaction/424
VSR-10 プロハンターG　ブラックストック,49800,aircocking,boltaction,325,https://www.tokyo-marui.co.jp/products/aircocking/boltaction/325
VSR-10 プロハンターG　ウッドタイプストック,49800,aircocking,boltaction,326,https://www.tokyo-marui.co.jp/products/aircocking/boltaction/326
プロハンターステンレス リアルショックバージョン　ブラックストックモデル,34800,aircocking,boltaction,246,https://www.tokyo-marui.co.jp/products/aircocking/boltaction/246
プロハンターステンレス リアルショックバージョン　ウッドタイプストックモデル,34800,aircocking,boltaction,247,https://www.tokyo-marui.co.jp/products/aircocking/boltaction/247
L96 AWS　ブラックストック,29800,aircocking,boltaction,215,https://www.tokyo-marui.co.jp/products/aircocking/boltaction/215
L96 AWS　O.D.ストック,29800,aircocking,boltaction,216,https://www.tokyo-marui.co.jp/products/aircocking/boltaction/216
VSR-10 プロスナイパーバージョン Gスペック　O.D.カラー,25800,aircocking,boltaction,205,https://www.tokyo-marui.co.jp/products/aircocking/boltaction/205
VSR-10 プロスナイパーバージョン　デザートカラー,19800,aircocking,boltaction,206,https://www.tokyo-marui.co.jp/products/aircocking/boltaction/206
VSR-10 プロスナイパー Gスペック,25800,aircocking,boltaction,73,https://www.tokyo-marui.co.jp/products/aircocking/boltaction/73
VSR-10 リアルショックバージョン,19800,aircocking,boltaction,72,https://www.tokyo-marui.co.jp/products/aircocking/boltaction/72
VSR-10 プロスナイパーバージョン,19800,aircocking,boltaction,275,https://www.tokyo-marui.co.jp/products/aircocking/boltaction/275
M3 ショーティ,18000,aircocking,shotgun,81,https://www.tokyo-marui.co.jp/products/aircocking/shotgun/81
M3 スーパー90,22800,aircocking,shotgun,82,https://www.tokyo-marui.co.jp/products/aircocking/shotgun/82
スパス12,19800,aircocking,shotgun,79,https://www.tokyo-marui.co.jp/products/aircocking/shotgun/79
H&K MP5 A3,7900,aircocking,rifle_smg18,380,https://www.tokyo-marui.co.jp/products/aircocking/rifle_smg18/380
ウージー・サブマシンガン,7900,aircocking,rifle_smg18,381,https://www.tokyo-marui.co.jp/products/aircocking/rifle_smg18/381
ワルサー MPL,7800,aircocking,rifle_smg18,382,https://www.tokyo-marui.co.jp/products/aircocking/rifle_smg18/382
Vz61 スコーピオン,5500,aircocking,rifle_smg18,383,https://www.tokyo-marui.co.jp/products/aircocking/rifle_smg18/383
コルト XM177 E2,10800,aircocking,rifle_smg18,384,https://www.tokyo-marui.co.jp/products/aircocking/rifle_smg18/384
H&K G3A3,10800,aircocking,rifle_smg18,385,https://www.tokyo-marui.co.jp/products/aircocking/rifle_smg18/385
コルト M16A1,12000,aircocking,rifle_smg18,386,https://www.tokyo-marui.co.jp/products/aircocking/rifle_smg18/386
H&K MP5 A3,6900,aircocking,rifle_smg10,375,https://www.tokyo-marui.co.jp/products/aircocking/rifle_smg10/375
ウージー・サブマシンガン,6900,aircocking,rifle_smg10,376,https://www.tokyo-marui.co.jp/products/aircocking/rifle_smg10/376
ワルサー MPL,6800,aircocking,rifle_smg10,377,https://www.tokyo-marui.co.jp/products/aircocking/rifle_smg10/377
Vz61 スコーピオン,5500,aircocking,rifle_smg10,378,https://www.tokyo-marui.co.jp/products/aircocking/rifle_smg10/378
コルト XM177 E2,9800,aircocking,rifle_smg10,379,https://www.tokyo-marui.co.jp/products/aircocking/rifle_smg10/379
ソーコム Mk23,3500,aircocking,handgun18,341,https://www.tokyo-marui.co.jp/products/aircocking/handgun18/341
コルト M1911A1ガバメント,3500,aircocking,handgun18,342,https://www.tokyo-marui.co.jp/products/aircocking/handgun18/342
S&W PC356 ,3500,aircocking,handgun18,343,https://www.tokyo-marui.co.jp/products/aircocking/handgun18/343
M8000 クーガーG ,3500,aircocking,handgun18,340,https://www.tokyo-marui.co.jp/products/aircocking/handgun18/340
M92F ミリタリーモデル,3500,aircocking,handgun18,339,https://www.tokyo-marui.co.jp/products/aircocking/handgun18/339
H&K USP,3500,aircocking,handgun18,338,https://www.tokyo-marui.co.jp/products/aircocking/handgun18/338
Cz75 ファーストモデル,3500,aircocking,handgun18,337,https://www.tokyo-marui.co.jp/products/aircocking/handgun18/337
KP85,3500,aircocking,handgun18,336,https://www.tokyo-marui.co.jp/products/aircocking/handgun18/336
H&K P7M13 ,3500,aircocking,handgun18,332,https://www.tokyo-marui.co.jp/products/aircocking/handgun18/332
グロック17L ,3500,aircocking,handgun18,331,https://www.tokyo-marui.co.jp/products/aircocking/handgun18/331
オートマグIII,3500,aircocking,handgun18,334,https://www.tokyo-marui.co.jp/products/aircocking/handgun18/334
センチメーター マスター,3500,aircocking,handgun18,333,https://www.tokyo-marui.co.jp/products/aircocking/handgun18/333
シグ・ザウエル P228 ,3500,aircocking,handgun18,330,https://www.tokyo-marui.co.jp/products/aircocking/handgun18/330
グロック17 ,3500,aircocking,handgun18,329,https://www.tokyo-marui.co.jp/products/aircocking/handgun18/329
コルト ダブルイーグル,3500,aircocking,handgun18,335,https://www.tokyo-marui.co.jp/products/aircocking/handgun18/335
シグ・ザウエル P228 ステンレスタイプ,3200,aircocking,handgun10,446,https://www.tokyo-marui.co.jp/products/aircocking/handgun10/446
デザートイーグル ステンレスタイプ,3200,aircocking,handgun10,441,https://www.tokyo-marui.co.jp/products/aircocking/handgun10/441
センチメーター マスター ブラックモデル,2500,aircocking,handgun10,442,https://www.tokyo-marui.co.jp/products/aircocking/handgun10/442
オートマグIII ブラックモデル,2500,aircocking,handgun10,439,https://www.tokyo-marui.co.jp/products/aircocking/handgun10/439
M92F フレームシルバー ステンレスタイプ,3200,aircocking,handgun10,438,https://www.tokyo-marui.co.jp/products/aircocking/handgun10/438
M92F スライドシルバー ステンレスタイプ,3200,aircocking,handgun10,437,https://www.tokyo-marui.co.jp/products/aircocking/handgun10/437
オートマグIII ステンレス,3200,aircocking,handgun10,435,https://www.tokyo-marui.co.jp/products/aircocking/handgun10/435
センチメーター マスター ステンレス,3200,aircocking,handgun10,218,https://www.tokyo-marui.co.jp/products/aircocking/handgun10/218
M92F ミリタリーモデル ステンレス,3200,aircocking,handgun10,436,https://www.tokyo-marui.co.jp/products/aircocking/handgun10/436
オメガ 10mmオート,2500,aircocking,handgun10,318,https://www.tokyo-marui.co.jp/products/aircocking/handgun10/318
44 オートマグ,2500,aircocking,handgun10,319,https://www.tokyo-marui.co.jp/products/aircocking/handgun10/319
ワルサー P38,2500,aircocking,handgun10,320,https://www.tokyo-marui.co.jp/products/aircocking/handgun10/320
M92F ミリタリーモデル,2500,aircocking,handgun10,301,https://www.tokyo-marui.co.jp/products/aircocking/handgun10/301
Cz75 ファーストモデル,2500,aircocking,handgun10,303,https://www.tokyo-marui.co.jp/products/aircocking/handgun10/303
H&K USP,2500,aircocking,handgun10,304,https://www.tokyo-marui.co.jp/products/aircocking/handgun10/304
パイソンPPCカスタム　6インチ　ステンレスモデル,4980,aircocking,revolver,468,https://www.tokyo-marui.co.jp/products/aircocking/revolver/468
パイソンPPCカスタム　6インチ　ブラックモデル,4980,aircocking,revolver,462,https://www.tokyo-marui.co.jp/products/aircocking/revolver/462
パイソンPPCカスタム　4インチ　ステンレスモデル,4980,aircocking,revolver,451,https://www.tokyo-marui.co.jp/products/aircocking/revolver/451
パイソンPPCカスタム　4インチ　ブラックモデル,4980,aircocking,revolver,447,https://www.tokyo-marui.co.jp/products/aircocking/revolver/447
コルトパイソン.357マグナム　6インチ　ブラックモデル,4980,aircocking,revolver,429,https://www.tokyo-marui.co.jp/products/aircocking/revolver/429
コルトパイソン.357マグナム　6インチ　ステンレスモデル,4980,aircocking,revolver,430,https://www.tokyo-marui.co.jp/products/aircocking/revolver/430
コルトパイソン.357マグナム　4インチ　ブラックモデル,4980,aircocking,revolver,415,https://www.tokyo-marui.co.jp/products/aircocking/revolver/415
コルトパイソン.357マグナム　4インチ　ステンレスモデル,4980,aircocking,revolver,416,https://www.tokyo-marui.co.jp/products/aircocking/revolver/416
ポリスピストルSS　リアル・ブラック,1600,aircocking,gindanrf,321,https://www.tokyo-marui.co.jp/products/aircocking/gindanrf/321
ポリスピストルSS　リアル・シルバー,1600,aircocking,gindanrf,322,https://www.tokyo-marui.co.jp/products/aircocking/gindanrf/322
グロック26　リアル・ブラック,1600,aircocking,gindanrf,323,https://www.tokyo-marui.co.jp/products/aircocking/gindanrf/323
グロック26　リアル・シルバー,1600,aircocking,gindanrf,324,https://www.tokyo-marui.co.jp/products/aircocking/gindanrf/324
